dataset_id,group,algorithm,seed,k,msi,ari,internal_cost
200DATA,clust,ClustGrade-RKO,0,3,0.8146218341066892,,-0.809
200DATA,clust,ClustGrade-RKO,1,3,0.8144032116800263,,-0.8124
200DATA,clust,ClustGrade-RKO,2,3,0.8138845954225997,,-0.8136
200DATA,clust,ClustGrade-RKO,3,3,0.813188261871345,,-0.812
200DATA,clust,ClustGrade-RKO,4,3,0.8121724404384538,,-0.8079
200DATA,clust,ClustGrade-RKO,5,3,0.8109345609202464,,-0.81
200DATA,clust,ClustGrade-RKO,6,3,0.8138045097302244,,-0.8126
200DATA,clust,ClustGrade-RKO,7,3,0.8105210590264639,,-0.8092
200DATA,clust,ClustGrade-RKO,8,3,0.8192356510868437,,-0.8156
200DATA,clust,ClustGrade-RKO,9,3,0.8162718273249496,,-0.8111
200DATA,clust,ClustGrade-RKO,10,3,0.8139780477658533,,-0.8093
200DATA,clust,ClustGrade-RKO,11,3,0.8092346644907856,,-0.8076
200DATA,clust,ClustGrade-RKO,12,3,0.8145423348969995,,-0.8131
200DATA,clust,ClustGrade-RKO,13,3,0.8241560741136653,,-0.8197
200DATA,clust,ClustGrade-RKO,14,3,0.8168806743122974,,-0.8137
200DATA,clust,ClustGrade-RKO,15,3,0.8146005898216244,,-0.8144
200DATA,clust,ClustGrade-RKO,16,3,0.8162764323652116,,-0.815
200DATA,clust,ClustGrade-RKO,17,3,0.8058970944227684,,-0.8026
200DATA,clust,ClustGrade-RKO,18,3,0.8169605682236177,,-0.8158
200DATA,clust,ClustGrade-RKO,19,3,0.8140918345761804,,-0.8124
2-FACE,clust,ClustGrade-RKO,0,2,0.5469238924175622,,-0.5378
2-FACE,clust,ClustGrade-RKO,1,2,0.5713190863047667,,-0.5603
2-FACE,clust,ClustGrade-RKO,2,2,0.5713190863047667,,-0.5603
2-FACE,clust,ClustGrade-RKO,3,2,0.5717452219205102,,-0.563
2-FACE,clust,ClustGrade-RKO,4,2,0.5736840027876644,,-0.5653
2-FACE,clust,ClustGrade-RKO,5,2,0.5713190863047667,,-0.5603
2-FACE,clust,ClustGrade-RKO,6,2,0.5713190863047667,,-0.5603
2-FACE,clust,ClustGrade-RKO,7,2,0.5830733971073783,,-0.5717
2-FACE,clust,ClustGrade-RKO,8,2,0.5713190863047667,,-0.5603
2-FACE,clust,ClustGrade-RKO,9,2,0.5736840027876644,,-0.5653
2-FACE,clust,ClustGrade-RKO,10,2,0.5713190863047667,,-0.5603
2-FACE,clust,ClustGrade-RKO,11,2,0.5760242530860239,,-0.5645
2-FACE,clust,ClustGrade-RKO,12,2,0.5808119129554792,,-0.5691
2-FACE,clust,ClustGrade-RKO,13,2,0.5713190863047667,,-0.5603
2-FACE,clust,ClustGrade-RKO,14,2,0.57860867088948,,-0.5667
2-FACE,clust,ClustGrade-RKO,15,2,0.5789870169964728,,-0.5687
2-FACE,clust,ClustGrade-RKO,16,2,0.5713190863047667,,-0.5603
2-FACE,clust,ClustGrade-RKO,17,2,0.5758029631249001,,-0.5664
2-FACE,clust,ClustGrade-RKO,18,2,0.5808119129554792,,-0.5691
2-FACE,clust,ClustGrade-RKO,19,2,0.5760218643575121,,-0.5674
400P3C,clust,ClustGrade-RKO,0,4,0.7578609551746036,,-0.8302
400P3C,clust,ClustGrade-RKO,1,3,0.8330632211768195,,-0.8283
400P3C,clust,ClustGrade-RKO,2,3,0.8327977014239432,,-0.8308
400P3C,clust,ClustGrade-RKO,3,3,0.8328616831473913,,-0.8296
400P3C,clust,ClustGrade-RKO,4,3,0.834719237512585,,-0.8291
400P3C,clust,ClustGrade-RKO,5,3,0.8233433999059588,,-0.8201
400P3C,clust,ClustGrade-RKO,6,3,0.8290728182480824,,-0.8247
400P3C,clust,ClustGrade-RKO,7,3,0.8310023103606331,,-0.8297
400P3C,clust,ClustGrade-RKO,8,3,0.8316394612590983,,-0.8248
400P3C,clust,ClustGrade-RKO,9,3,0.8296069366501483,,-0.8257
400P3C,clust,ClustGrade-RKO,10,4,0.7658384106040387,,-0.8267
400P3C,clust,ClustGrade-RKO,11,3,0.8327681710040286,,-0.8265
400P3C,clust,ClustGrade-RKO,12,3,0.8309292627624567,,-0.8243
400P3C,clust,ClustGrade-RKO,13,3,0.8332410271905537,,-0.828
400P3C,clust,ClustGrade-RKO,14,3,0.8331855872248226,,-0.8308
400P3C,clust,ClustGrade-RKO,15,3,0.8302012285331029,,-0.8239
400P3C,clust,ClustGrade-RKO,16,3,0.8305149146458178,,-0.8283
400P3C,clust,ClustGrade-RKO,17,3,0.8309673611400222,,-0.825
400P3C,clust,ClustGrade-RKO,18,3,0.8283642769699375,,-0.8258
400P3C,clust,ClustGrade-RKO,19,3,0.8268980344015574,,-0.8236
A1,clust,ClustGrade-RKO,0,13,0.37763891427466784,,-0.3874
A1,clust,ClustGrade-RKO,1,14,0.38182792137044347,,-0.375
A1,clust,ClustGrade-RKO,2,7,0.38394984854893677,,-0.3754
A1,clust,ClustGrade-RKO,3,18,0.4183762730316328,,-0.4187
A1,clust,ClustGrade-RKO,4,17,0.42948477446115557,,-0.4173
A1,clust,ClustGrade-RKO,5,4,0.40484156959575535,,-0.4081
A1,clust,ClustGrade-RKO,6,11,0.3911361168552378,,-0.4144
A1,clust,ClustGrade-RKO,7,6,0.42931056825892017,,-0.4368
A1,clust,ClustGrade-RKO,8,5,0.40232529852189414,,-0.4
A1,clust,ClustGrade-RKO,9,13,0.4023928490516146,,-0.412
A1,clust,ClustGrade-RKO,10,11,0.36835619491267707,,-0.3547
A1,clust,ClustGrade-RKO,11,20,0.3883061950728441,,-0.396
A1,clust,ClustGrade-RKO,12,20,0.37234332349827115,,-0.3654
A1,clust,ClustGrade-RKO,13,18,0.4093897434516338,,-0.412
A1,clust,ClustGrade-RKO,14,15,0.3593359436006627,,-0.3854
A1,clust,ClustGrade-RKO,15,6,0.41620892214491223,,-0.4179
A1,clust,ClustGrade-RKO,16,22,0.37700989109579314,,-0.3661
A1,clust,ClustGrade-RKO,17,15,0.4423641274123972,,-0.4405
A1,clust,ClustGrade-RKO,18,5,0.39715168896380393,,-0.3931
A1,clust,ClustGrade-RKO,19,7,0.3767107777988304,,-0.3855
BANKNOTE,clust,ClustGrade-RKO,0,3,0.3405665707709941,,-0.3621
BANKNOTE,clust,ClustGrade-RKO,1,6,0.3068107586116749,,-0.3216
BANKNOTE,clust,ClustGrade-RKO,2,2,0.4578667129638055,,-0.4457
BANKNOTE,clust,ClustGrade-RKO,3,2,0.4370132567644891,,-0.4612
BANKNOTE,clust,ClustGrade-RKO,4,8,0.3049457453963996,,-0.3109
BANKNOTE,clust,ClustGrade-RKO,5,12,0.32202329050989437,,-0.3232
BANKNOTE,clust,ClustGrade-RKO,6,2,0.43000492472790713,,-0.4547
BANKNOTE,clust,ClustGrade-RKO,7,2,0.4578667129638055,,-0.4457
BANKNOTE,clust,ClustGrade-RKO,8,7,0.3210796427743665,,-0.3279
BANKNOTE,clust,ClustGrade-RKO,9,2,0.45748936686911995,,-0.4464
BANKNOTE,clust,ClustGrade-RKO,10,2,0.4118088114350589,,-0.3947
BANKNOTE,clust,ClustGrade-RKO,11,2,0.4632524750774615,,-0.4517
BANKNOTE,clust,ClustGrade-RKO,12,5,0.30181690501249553,,-0.3707
BANKNOTE,clust,ClustGrade-RKO,13,8,0.3122735412830282,,-0.3224
BANKNOTE,clust,ClustGrade-RKO,14,3,0.35003028311694806,,-0.3564
BANKNOTE,clust,ClustGrade-RKO,15,3,0.3270958571653762,,-0.3385
BANKNOTE,clust,ClustGrade-RKO,16,9,0.3109412658325966,,-0.3177
BANKNOTE,clust,ClustGrade-RKO,17,2,0.38891187351944817,,-0.3664
BANKNOTE,clust,ClustGrade-RKO,18,13,0.3476112113500662,,-0.3543
BANKNOTE,clust,ClustGrade-RKO,19,2,0.45800927019237037,,-0.446
BREASTB,clust,ClustGrade-RKO,0,2,0.7523556840402935,,-0.753
BREASTB,clust,ClustGrade-RKO,1,1,,,-0.7449
BREASTB,clust,ClustGrade-RKO,2,2,0.7523556840402935,,-0.753
BREASTB,clust,ClustGrade-RKO,3,1,,,-0.7405
BREASTB,clust,ClustGrade-RKO,4,1,,,-0.749
BREASTB,clust,ClustGrade-RKO,5,1,,,-0.7398
BREASTB,clust,ClustGrade-RKO,6,1,,,-0.753
BREASTB,clust,ClustGrade-RKO,7,1,,,-0.7327
BREASTB,clust,ClustGrade-RKO,8,1,,,-0.7405
BREASTB,clust,ClustGrade-RKO,9,1,,,-0.753
BREASTB,clust,ClustGrade-RKO,10,1,,,-0.7377
BREASTB,clust,ClustGrade-RKO,11,1,,,-0.753
BREASTB,clust,ClustGrade-RKO,12,1,,,-0.7405
BREASTB,clust,ClustGrade-RKO,13,1,,,-0.753
BREASTB,clust,ClustGrade-RKO,14,2,0.7523556840402935,,-0.753
BREASTB,clust,ClustGrade-RKO,15,1,,,-0.753
BREASTB,clust,ClustGrade-RKO,16,1,,,-0.7449
BREASTB,clust,ClustGrade-RKO,17,2,0.7396178389169096,,-0.7405
BREASTB,clust,ClustGrade-RKO,18,1,,,-0.7401
BREASTB,clust,ClustGrade-RKO,19,2,0.7523556840402935,,-0.753
BROKEN-RING,clust,ClustGrade-RKO,0,4,0.4253719265269346,,-0.487
BROKEN-RING,clust,ClustGrade-RKO,1,9,0.3485534797225095,,-0.4957
BROKEN-RING,clust,ClustGrade-RKO,2,6,0.46951709071728276,,-0.4697
BROKEN-RING,clust,ClustGrade-RKO,3,5,0.49471335219612667,,-0.4947
BROKEN-RING,clust,ClustGrade-RKO,4,5,0.3998785393188917,,-0.447
BROKEN-RING,clust,ClustGrade-RKO,5,13,0.39457337014458127,,-0.4302
BROKEN-RING,clust,ClustGrade-RKO,6,4,0.4631757527686788,,-0.4638
BROKEN-RING,clust,ClustGrade-RKO,7,5,0.5060388476108334,,-0.506
BROKEN-RING,clust,ClustGrade-RKO,8,5,0.5208558580654813,,-0.5207
BROKEN-RING,clust,ClustGrade-RKO,9,5,0.5160716295055147,,-0.5155
BROKEN-RING,clust,ClustGrade-RKO,10,6,0.4598776766918126,,-0.4595
BROKEN-RING,clust,ClustGrade-RKO,11,11,0.4717147097649095,,-0.4907
BROKEN-RING,clust,ClustGrade-RKO,12,8,0.27696293402338307,,-0.4978
BROKEN-RING,clust,ClustGrade-RKO,13,6,0.4566195315600493,,-0.4567
BROKEN-RING,clust,ClustGrade-RKO,14,5,0.5163052419999953,,-0.5162
BROKEN-RING,clust,ClustGrade-RKO,15,11,0.47323964084685516,,-0.4732
BROKEN-RING,clust,ClustGrade-RKO,16,11,0.42113698046564213,,-0.4699
BROKEN-RING,clust,ClustGrade-RKO,17,6,0.41925128403263445,,-0.475
BROKEN-RING,clust,ClustGrade-RKO,18,6,0.4259934802215028,,-0.4734
BROKEN-RING,clust,ClustGrade-RKO,19,11,0.450183982773244,,-0.4848
BUPA,clust,ClustGrade-RKO,0,2,0.7320280515805159,,-0.7399
BUPA,clust,ClustGrade-RKO,1,2,0.7221192226714088,,-0.7258
BUPA,clust,ClustGrade-RKO,2,2,0.7458527762755337,,-0.7579
BUPA,clust,ClustGrade-RKO,3,2,0.7480759273271923,,-0.761
BUPA,clust,ClustGrade-RKO,4,2,0.7352526399356903,,-0.7444
BUPA,clust,ClustGrade-RKO,5,2,0.7291205796103422,,-0.738
BUPA,clust,ClustGrade-RKO,6,2,0.7308315155720826,,-0.7405
BUPA,clust,ClustGrade-RKO,7,2,0.7458527762755337,,-0.7579
BUPA,clust,ClustGrade-RKO,8,2,0.7099109892573225,,-0.7085
BUPA,clust,ClustGrade-RKO,9,2,0.7242980887429905,,-0.7282
BUPA,clust,ClustGrade-RKO,10,2,0.7458527762755337,,-0.7579
BUPA,clust,ClustGrade-RKO,11,2,0.7299121203403727,,-0.7366
BUPA,clust,ClustGrade-RKO,12,2,0.7194484556861976,,-0.7216
BUPA,clust,ClustGrade-RKO,13,2,0.7326198177106129,,-0.7431
BUPA,clust,ClustGrade-RKO,14,2,0.7326198177106129,,-0.7431
BUPA,clust,ClustGrade-RKO,15,2,0.7168364523948368,,-0.7201
BUPA,clust,ClustGrade-RKO,16,2,0.7124783862981251,,-0.7117
BUPA,clust,ClustGrade-RKO,17,2,0.7273602831751736,,-0.7354
BUPA,clust,ClustGrade-RKO,18,2,0.7291205796103422,,-0.738
BUPA,clust,ClustGrade-RKO,19,2,0.7374387730810621,,-0.7482
CHART,clust,ClustGrade-RKO,0,4,0.37093787909867276,,-0.4217
CHART,clust,ClustGrade-RKO,1,4,0.3380685001913853,,-0.4045
CHART,clust,ClustGrade-RKO,2,3,0.39178141783105325,,-0.3988
CHART,clust,ClustGrade-RKO,3,5,0.22674191813230035,,-0.4131
CHART,clust,ClustGrade-RKO,4,3,0.45106414122455946,,-0.4323
CHART,clust,ClustGrade-RKO,5,4,0.33438170399887995,,-0.3991
CHART,clust,ClustGrade-RKO,6,3,0.4112807454536865,,-0.417
CHART,clust,ClustGrade-RKO,7,4,0.3640254268829562,,-0.439
CHART,clust,ClustGrade-RKO,8,2,0.3389683389783544,,-0.4326
CHART,clust,ClustGrade-RKO,9,3,0.3995936116852405,,-0.4157
CHART,clust,ClustGrade-RKO,10,3,0.41822180065947334,,-0.4213
CHART,clust,ClustGrade-RKO,11,3,0.44561781140883405,,-0.4142
CHART,clust,ClustGrade-RKO,12,3,0.4107686333331795,,-0.4173
CHART,clust,ClustGrade-RKO,13,3,0.43081900083896935,,-0.4349
CHART,clust,ClustGrade-RKO,14,3,0.4386841869330012,,-0.4243
CHART,clust,ClustGrade-RKO,15,4,0.37276615559047777,,-0.4082
CHART,clust,ClustGrade-RKO,16,4,0.29700313495221053,,-0.4202
CHART,clust,ClustGrade-RKO,17,2,0.33300025095409325,,-0.4327
CHART,clust,ClustGrade-RKO,18,3,0.4239343138997993,,-0.4265
CHART,clust,ClustGrade-RKO,19,3,0.42767645314735225,,-0.4191
CONCRETEDATA,clust,ClustGrade-RKO,0,2,0.46553402489944196,,-0.4773
CONCRETEDATA,clust,ClustGrade-RKO,1,3,0.39155879636153107,,-0.3742
CONCRETEDATA,clust,ClustGrade-RKO,2,2,0.4092582749327288,,-0.4248
CONCRETEDATA,clust,ClustGrade-RKO,3,2,0.37844490807313474,,-0.397
CONCRETEDATA,clust,ClustGrade-RKO,4,3,0.34629199414612155,,-0.4084
CONCRETEDATA,clust,ClustGrade-RKO,5,3,0.3809572764963655,,-0.3912
CONCRETEDATA,clust,ClustGrade-RKO,6,2,0.46503607645421974,,-0.4688
CONCRETEDATA,clust,ClustGrade-RKO,7,3,0.4221905434049778,,-0.3945
CONCRETEDATA,clust,ClustGrade-RKO,8,2,0.48261275360683,,-0.4845
CONCRETEDATA,clust,ClustGrade-RKO,9,2,0.41620364310926133,,-0.4074
CONCRETEDATA,clust,ClustGrade-RKO,10,2,0.4523803881143749,,-0.4595
CONCRETEDATA,clust,ClustGrade-RKO,11,2,0.48494819706813813,,-0.4862
CONCRETEDATA,clust,ClustGrade-RKO,12,2,0.47990937430270825,,-0.4735
CONCRETEDATA,clust,ClustGrade-RKO,13,3,0.40465243894376285,,-0.3869
CONCRETEDATA,clust,ClustGrade-RKO,14,4,0.32297909139502495,,-0.3925
CONCRETEDATA,clust,ClustGrade-RKO,15,2,0.46503607645421974,,-0.4688
CONCRETEDATA,clust,ClustGrade-RKO,16,2,0.49235744833093925,,-0.4858
CONCRETEDATA,clust,ClustGrade-RKO,17,3,0.3281471432948301,,-0.4731
CONCRETEDATA,clust,ClustGrade-RKO,18,3,0.4040105730511876,,-0.3873
CONCRETEDATA,clust,ClustGrade-RKO,19,2,0.46331547277458485,,-0.4774
DBLCA,clust,ClustGrade-RKO,0,3,0.524217292383413,,-0.5185
DBLCA,clust,ClustGrade-RKO,1,3,0.4261259993554362,,-0.5283
DBLCA,clust,ClustGrade-RKO,2,2,0.4053107368866843,,-0.5315
DBLCA,clust,ClustGrade-RKO,3,3,0.5275874221346525,,-0.5241
DBLCA,clust,ClustGrade-RKO,4,3,0.5314883926525219,,-0.5265
DBLCA,clust,ClustGrade-RKO,5,3,0.5206775395915261,,-0.5135
DBLCA,clust,ClustGrade-RKO,6,3,0.5376484735918127,,-0.5307
DBLCA,clust,ClustGrade-RKO,7,2,0.3710554282461218,,-0.5179
DBLCA,clust,ClustGrade-RKO,8,2,0.3989535959332894,,-0.5097
DBLCA,clust,ClustGrade-RKO,9,4,0.339935048547506,,-0.5235
DBLCA,clust,ClustGrade-RKO,10,3,0.37536827345828094,,-0.513
DBLCA,clust,ClustGrade-RKO,11,3,0.5408916503748762,,-0.5268
DBLCA,clust,ClustGrade-RKO,12,3,0.5150580463413073,,-0.5144
DBLCA,clust,ClustGrade-RKO,13,2,0.38797436214057396,,-0.5142
DBLCA,clust,ClustGrade-RKO,14,3,0.5153105801826694,,-0.5031
DBLCA,clust,ClustGrade-RKO,15,2,0.3563545903696488,,-0.5186
DBLCA,clust,ClustGrade-RKO,16,3,0.5332803105916252,,-0.5276
DBLCA,clust,ClustGrade-RKO,17,3,0.3862565477750943,,-0.5205
DBLCA,clust,ClustGrade-RKO,18,3,0.538233917296205,,-0.5302
DBLCA,clust,ClustGrade-RKO,19,4,0.32179027304891783,,-0.521
DOWJONES,clust,ClustGrade-RKO,0,2,0.6104266390377199,,-0.6796
DOWJONES,clust,ClustGrade-RKO,1,2,0.6430351530004293,,-0.6394
DOWJONES,clust,ClustGrade-RKO,2,2,0.6490231832430671,,-0.6346
DOWJONES,clust,ClustGrade-RKO,3,2,0.6149132508417605,,-0.6862
DOWJONES,clust,ClustGrade-RKO,4,2,0.6511409992890604,,-0.6394
DOWJONES,clust,ClustGrade-RKO,5,2,0.6651689447353165,,-0.627
DOWJONES,clust,ClustGrade-RKO,6,2,0.6245549885300092,,-0.6379
DOWJONES,clust,ClustGrade-RKO,7,2,0.6588726688725377,,-0.6483
DOWJONES,clust,ClustGrade-RKO,8,2,0.6220600685704853,,-0.6976
DOWJONES,clust,ClustGrade-RKO,9,2,0.642465098270846,,-0.6433
DOWJONES,clust,ClustGrade-RKO,10,2,0.6237757713150445,,-0.7003
DOWJONES,clust,ClustGrade-RKO,11,2,0.6454293553779986,,-0.7247
DOWJONES,clust,ClustGrade-RKO,12,2,0.6085969102877467,,-0.6794
DOWJONES,clust,ClustGrade-RKO,13,2,0.6183101517159726,,-0.6896
DOWJONES,clust,ClustGrade-RKO,14,2,0.6181069739927451,,-0.6945
DOWJONES,clust,ClustGrade-RKO,15,2,0.6467182557336348,,-0.7357
DOWJONES,clust,ClustGrade-RKO,16,2,0.6319584113583507,,-0.715
DOWJONES,clust,ClustGrade-RKO,17,3,0.6043700170447308,,-0.6418
DOWJONES,clust,ClustGrade-RKO,18,2,0.6163142454890953,,-0.6916
DOWJONES,clust,ClustGrade-RKO,19,2,0.6515930919308184,,-0.6378
FACE,clust,ClustGrade-RKO,0,4,0.5602193543759081,,-0.5602
FACE,clust,ClustGrade-RKO,1,5,0.5421612399933076,,-0.5491
FACE,clust,ClustGrade-RKO,2,4,0.551652226390512,,-0.5517
FACE,clust,ClustGrade-RKO,3,6,0.554295396330251,,-0.5548
FACE,clust,ClustGrade-RKO,4,5,0.5542363644712008,,-0.5577
FACE,clust,ClustGrade-RKO,5,5,0.5413822652719205,,-0.545
FACE,clust,ClustGrade-RKO,6,4,0.5590419610432733,,-0.5596
FACE,clust,ClustGrade-RKO,7,4,0.5316730548381756,,-0.5318
FACE,clust,ClustGrade-RKO,8,4,0.5477666504989075,,-0.5478
FACE,clust,ClustGrade-RKO,9,4,0.5552705543382453,,-0.5555
FACE,clust,ClustGrade-RKO,10,4,0.5658320169276381,,-0.5658
FACE,clust,ClustGrade-RKO,11,4,0.5512315846643794,,-0.5513
FACE,clust,ClustGrade-RKO,12,4,0.5637789845141498,,-0.5639
FACE,clust,ClustGrade-RKO,13,4,0.5487216508135966,,-0.5494
FACE,clust,ClustGrade-RKO,14,4,0.5501456740450893,,-0.5501
FACE,clust,ClustGrade-RKO,15,4,0.5556683108293392,,-0.5557
FACE,clust,ClustGrade-RKO,16,6,0.5463998967544009,,-0.5467
FACE,clust,ClustGrade-RKO,17,4,0.558108388913279,,-0.5581
FACE,clust,ClustGrade-RKO,18,4,0.5698310380540238,,-0.5701
FACE,clust,ClustGrade-RKO,19,4,0.5579006456850067,,-0.558
FORESTFIRES,clust,ClustGrade-RKO,0,3,0.4480862503265394,,-0.4936
FORESTFIRES,clust,ClustGrade-RKO,1,2,0.5706941362262486,,-0.5737
FORESTFIRES,clust,ClustGrade-RKO,2,2,0.5953490159642325,,-0.6053
FORESTFIRES,clust,ClustGrade-RKO,3,2,0.5788759752960816,,-0.5826
FORESTFIRES,clust,ClustGrade-RKO,4,2,0.5915742133607582,,-0.5942
FORESTFIRES,clust,ClustGrade-RKO,5,2,0.5921451893439302,,-0.5909
FORESTFIRES,clust,ClustGrade-RKO,6,2,0.5993650519836231,,-0.6023
FORESTFIRES,clust,ClustGrade-RKO,7,2,0.5864385669726071,,-0.5934
FORESTFIRES,clust,ClustGrade-RKO,8,2,0.6026573913597197,,-0.6068
FORESTFIRES,clust,ClustGrade-RKO,9,2,0.5752665547087592,,-0.5762
FORESTFIRES,clust,ClustGrade-RKO,10,2,0.6086876546592646,,-0.6147
FORESTFIRES,clust,ClustGrade-RKO,11,2,0.5070469098836382,,-0.5046
FORESTFIRES,clust,ClustGrade-RKO,12,2,0.6012111589974541,,-0.6049
FORESTFIRES,clust,ClustGrade-RKO,13,2,0.46769236189250324,,-0.4848
FORESTFIRES,clust,ClustGrade-RKO,14,2,0.5416242235632056,,-0.5553
FORESTFIRES,clust,ClustGrade-RKO,15,2,0.5986341287473825,,-0.6019
FORESTFIRES,clust,ClustGrade-RKO,16,2,0.5993650519836231,,-0.6023
FORESTFIRES,clust,ClustGrade-RKO,17,2,0.5071605356780718,,-0.5131
FORESTFIRES,clust,ClustGrade-RKO,18,2,0.5053175555424227,,-0.5119
FORESTFIRES,clust,ClustGrade-RKO,19,2,0.5946960417643742,,-0.5937
GAMMA400,clust,ClustGrade-RKO,0,2,0.5981757713525105,,-0.6231
GAMMA400,clust,ClustGrade-RKO,1,3,0.5197870317790472,,-0.5843
GAMMA400,clust,ClustGrade-RKO,2,2,0.6159221256373831,,-0.6185
GAMMA400,clust,ClustGrade-RKO,3,2,0.5902752920528405,,-0.6084
GAMMA400,clust,ClustGrade-RKO,4,2,0.5977649762511367,,-0.6196
GAMMA400,clust,ClustGrade-RKO,5,2,0.5944931134432561,,-0.614
GAMMA400,clust,ClustGrade-RKO,6,3,0.5296829733819975,,-0.5905
GAMMA400,clust,ClustGrade-RKO,7,2,0.5907543122996439,,-0.5904
GAMMA400,clust,ClustGrade-RKO,8,2,0.6002435640282936,,-0.5883
GAMMA400,clust,ClustGrade-RKO,9,2,0.5896571291247278,,-0.5891
GAMMA400,clust,ClustGrade-RKO,10,3,0.5307610482794324,,-0.5909
GAMMA400,clust,ClustGrade-RKO,11,2,0.5942639884835096,,-0.5877
GAMMA400,clust,ClustGrade-RKO,12,2,0.5962424705221975,,-0.6192
GAMMA400,clust,ClustGrade-RKO,13,2,0.6068419762624914,,-0.6069
GAMMA400,clust,ClustGrade-RKO,14,2,0.5657748839361461,,-0.5644
GAMMA400,clust,ClustGrade-RKO,15,2,0.6185414064159215,,-0.6238
GAMMA400,clust,ClustGrade-RKO,16,3,0.5220998111396683,,-0.586
GAMMA400,clust,ClustGrade-RKO,17,2,0.5945256787902403,,-0.6178
GAMMA400,clust,ClustGrade-RKO,18,2,0.6401873806151207,,-0.6528
GAMMA400,clust,ClustGrade-RKO,19,2,0.591963559785853,,-0.5925
HAYES-ROTH,clust,ClustGrade-RKO,0,1,,,-0.504
HAYES-ROTH,clust,ClustGrade-RKO,1,1,,,-0.4834
HAYES-ROTH,clust,ClustGrade-RKO,2,2,0.5536464512456948,,-0.4967
HAYES-ROTH,clust,ClustGrade-RKO,3,2,0.19477586820286116,,-0.5001
HAYES-ROTH,clust,ClustGrade-RKO,4,2,0.5585824739259834,,-0.4927
HAYES-ROTH,clust,ClustGrade-RKO,5,2,0.5423691937746727,,-0.5129
HAYES-ROTH,clust,ClustGrade-RKO,6,2,0.25439160242145537,,-0.5174
HAYES-ROTH,clust,ClustGrade-RKO,7,2,0.5222111860162457,,-0.4994
HAYES-ROTH,clust,ClustGrade-RKO,8,2,0.5599474064951839,,-0.5066
HAYES-ROTH,clust,ClustGrade-RKO,9,2,0.1960417774018911,,-0.5069
HAYES-ROTH,clust,ClustGrade-RKO,10,1,,,-0.5012
HAYES-ROTH,clust,ClustGrade-RKO,11,2,0.5734260681610684,,-0.5204
HAYES-ROTH,clust,ClustGrade-RKO,12,1,,,-0.4953
HAYES-ROTH,clust,ClustGrade-RKO,13,3,0.31095316372337267,,-0.4963
HAYES-ROTH,clust,ClustGrade-RKO,14,2,0.5727283573885671,,-0.5081
HAYES-ROTH,clust,ClustGrade-RKO,15,3,0.3501881341711688,,-0.5042
HAYES-ROTH,clust,ClustGrade-RKO,16,2,0.20705659662425152,,-0.5122
HAYES-ROTH,clust,ClustGrade-RKO,17,2,0.5693703399911113,,-0.5072
HAYES-ROTH,clust,ClustGrade-RKO,18,1,,,-0.5013
HAYES-ROTH,clust,ClustGrade-RKO,19,1,,,-0.5001
INDIAN,clust,ClustGrade-RKO,0,2,0.6751123073494532,,-0.6835
INDIAN,clust,ClustGrade-RKO,1,2,0.7623012632984815,,-0.764
INDIAN,clust,ClustGrade-RKO,2,2,0.7687450825607035,,-0.7716
INDIAN,clust,ClustGrade-RKO,3,2,0.7634671208664142,,-0.7654
INDIAN,clust,ClustGrade-RKO,4,2,0.7623012632984815,,-0.764
INDIAN,clust,ClustGrade-RKO,5,2,0.7468215650702151,,-0.7567
INDIAN,clust,ClustGrade-RKO,6,2,0.7580875687810584,,-0.7571
INDIAN,clust,ClustGrade-RKO,7,2,0.7355418671326649,,-0.7356
INDIAN,clust,ClustGrade-RKO,8,2,0.7521831344247212,,-0.7553
INDIAN,clust,ClustGrade-RKO,9,2,0.710519770728402,,-0.7206
INDIAN,clust,ClustGrade-RKO,10,2,0.7421678688325166,,-0.7423
INDIAN,clust,ClustGrade-RKO,11,2,0.7468520889627733,,-0.7558
INDIAN,clust,ClustGrade-RKO,12,2,0.763584144105003,,-0.7664
INDIAN,clust,ClustGrade-RKO,13,2,0.750212830330603,,-0.7536
INDIAN,clust,ClustGrade-RKO,14,2,0.7557613522149108,,-0.7548
INDIAN,clust,ClustGrade-RKO,15,2,0.7583221535757007,,-0.7605
INDIAN,clust,ClustGrade-RKO,16,2,0.7603391462840982,,-0.7626
INDIAN,clust,ClustGrade-RKO,17,2,0.7411868962864924,,-0.7499
INDIAN,clust,ClustGrade-RKO,18,2,0.7572008633778967,,-0.7565
INDIAN,clust,ClustGrade-RKO,19,2,0.7659400776828296,,-0.7683
MARONNA,clust,ClustGrade-RKO,0,4,0.633149921198164,,-0.6308
MARONNA,clust,ClustGrade-RKO,1,4,0.6381593541552016,,-0.6321
MARONNA,clust,ClustGrade-RKO,2,3,0.37205129744235904,,-0.6274
MARONNA,clust,ClustGrade-RKO,3,4,0.6450151610026246,,-0.6421
MARONNA,clust,ClustGrade-RKO,4,4,0.6478555287728316,,-0.6474
MARONNA,clust,ClustGrade-RKO,5,4,0.6389476696090415,,-0.6338
MARONNA,clust,ClustGrade-RKO,6,2,0.308243594192283,,-0.6362
MARONNA,clust,ClustGrade-RKO,7,4,0.6372879406573417,,-0.6353
MARONNA,clust,ClustGrade-RKO,8,3,0.48332379482826876,,-0.6222
MARONNA,clust,ClustGrade-RKO,9,4,0.6261307073574304,,-0.6238
MARONNA,clust,ClustGrade-RKO,10,3,0.5267539976073641,,-0.6302
MARONNA,clust,ClustGrade-RKO,11,4,0.6192942832467775,,-0.6154
MARONNA,clust,ClustGrade-RKO,12,3,0.5338383025701836,,-0.6248
MARONNA,clust,ClustGrade-RKO,13,4,0.6518189670999649,,-0.6452
MARONNA,clust,ClustGrade-RKO,14,3,0.46039269631157204,,-0.6272
MARONNA,clust,ClustGrade-RKO,15,4,0.6370215095163724,,-0.6316
MARONNA,clust,ClustGrade-RKO,16,4,0.6396899480266433,,-0.6338
MARONNA,clust,ClustGrade-RKO,17,3,0.509632602986261,,-0.6537
MARONNA,clust,ClustGrade-RKO,18,3,0.5022726049631788,,-0.6413
MARONNA,clust,ClustGrade-RKO,19,4,0.5521491183679953,,-0.6157
NUMBERS2,clust,ClustGrade-RKO,0,11,0.4721234287789396,,-0.4666
NUMBERS2,clust,ClustGrade-RKO,1,8,0.48648100938787026,,-0.5003
NUMBERS2,clust,ClustGrade-RKO,2,8,0.48961490366561466,,-0.5017
NUMBERS2,clust,ClustGrade-RKO,3,8,0.44785803337880403,,-0.4709
NUMBERS2,clust,ClustGrade-RKO,4,8,0.489682373841391,,-0.5041
NUMBERS2,clust,ClustGrade-RKO,5,8,0.4850062600519861,,-0.4989
NUMBERS2,clust,ClustGrade-RKO,6,12,0.42712476545595524,,-0.42
NUMBERS2,clust,ClustGrade-RKO,7,8,0.4906506907279416,,-0.5002
NUMBERS2,clust,ClustGrade-RKO,8,9,0.4611856283731409,,-0.477
NUMBERS2,clust,ClustGrade-RKO,9,8,0.495496826151566,,-0.504
NUMBERS2,clust,ClustGrade-RKO,10,8,0.5066197608267136,,-0.5159
NUMBERS2,clust,ClustGrade-RKO,11,8,0.4975050709877458,,-0.5056
NUMBERS2,clust,ClustGrade-RKO,12,9,0.47543132361881724,,-0.4934
NUMBERS2,clust,ClustGrade-RKO,13,8,0.42176264521219076,,-0.4401
NUMBERS2,clust,ClustGrade-RKO,14,8,0.504421263033748,,-0.5162
NUMBERS2,clust,ClustGrade-RKO,15,8,0.4697642062880201,,-0.4575
NUMBERS2,clust,ClustGrade-RKO,16,8,0.471547609060987,,-0.4782
NUMBERS2,clust,ClustGrade-RKO,17,11,0.4922740390275249,,-0.4884
NUMBERS2,clust,ClustGrade-RKO,18,8,0.4946544622977466,,-0.5041
NUMBERS2,clust,ClustGrade-RKO,19,10,0.44827007172978683,,-0.4681
OUTLIERS,clust,ClustGrade-RKO,0,2,0.5770653160829308,,-0.56
OUTLIERS,clust,ClustGrade-RKO,1,2,0.5797769244285303,,-0.5636
OUTLIERS,clust,ClustGrade-RKO,2,3,0.28812535622499574,,-0.5667
OUTLIERS,clust,ClustGrade-RKO,3,1,,,-0.5475
OUTLIERS,clust,ClustGrade-RKO,4,2,0.5752931455721438,,-0.5667
OUTLIERS,clust,ClustGrade-RKO,5,2,0.5656297476629978,,-0.5494
OUTLIERS,clust,ClustGrade-RKO,6,1,,,-0.5554
OUTLIERS,clust,ClustGrade-RKO,7,2,0.5776857948938934,,-0.558
OUTLIERS,clust,ClustGrade-RKO,8,3,0.2923225342320743,,-0.5566
OUTLIERS,clust,ClustGrade-RKO,9,2,0.5752931455721438,,-0.5667
OUTLIERS,clust,ClustGrade-RKO,10,1,,,-0.5494
OUTLIERS,clust,ClustGrade-RKO,11,2,0.5696905516857139,,-0.5513
OUTLIERS,clust,ClustGrade-RKO,12,3,0.29279969433243397,,-0.5617
OUTLIERS,clust,ClustGrade-RKO,13,2,0.5900728028845718,,-0.5691
OUTLIERS,clust,ClustGrade-RKO,14,2,0.5685228753739269,,-0.5566
OUTLIERS,clust,ClustGrade-RKO,15,2,0.5614120636244148,,-0.5471
OUTLIERS,clust,ClustGrade-RKO,16,2,0.5716619391436991,,-0.5608
OUTLIERS,clust,ClustGrade-RKO,17,2,0.5860532158739552,,-0.5656
OUTLIERS,clust,ClustGrade-RKO,18,2,0.5886497102289651,,-0.5679
OUTLIERS,clust,ClustGrade-RKO,19,2,0.5716619391436991,,-0.5608
PARKINSONS,clust,ClustGrade-RKO,0,2,0.6273882333311238,,-0.6999
PARKINSONS,clust,ClustGrade-RKO,1,2,0.6231022110157284,,-0.6913
PARKINSONS,clust,ClustGrade-RKO,2,2,0.6097792229001725,,-0.6654
PARKINSONS,clust,ClustGrade-RKO,3,2,0.6231022110157284,,-0.6913
PARKINSONS,clust,ClustGrade-RKO,4,2,0.6273882333311238,,-0.6999
PARKINSONS,clust,ClustGrade-RKO,5,2,0.6238061633576542,,-0.6931
PARKINSONS,clust,ClustGrade-RKO,6,2,0.6154642180359584,,-0.6771
PARKINSONS,clust,ClustGrade-RKO,7,2,0.6231022110157284,,-0.6913
PARKINSONS,clust,ClustGrade-RKO,8,2,0.6273882333311238,,-0.6999
PARKINSONS,clust,ClustGrade-RKO,9,2,0.6238061633576542,,-0.6931
PARKINSONS,clust,ClustGrade-RKO,10,2,0.6273882333311238,,-0.6999
PARKINSONS,clust,ClustGrade-RKO,11,2,0.6273882333311238,,-0.6999
PARKINSONS,clust,ClustGrade-RKO,12,2,0.6203027787921658,,-0.6882
PARKINSONS,clust,ClustGrade-RKO,13,2,0.6273882333311238,,-0.6999
PARKINSONS,clust,ClustGrade-RKO,14,2,0.6238061633576542,,-0.6931
PARKINSONS,clust,ClustGrade-RKO,15,2,0.6238061633576542,,-0.6931
PARKINSONS,clust,ClustGrade-RKO,16,2,0.6420482725313601,,-0.6377
PARKINSONS,clust,ClustGrade-RKO,17,2,0.6165992863949769,,-0.6768
PARKINSONS,clust,ClustGrade-RKO,18,2,0.6261694200797787,,-0.6958
PARKINSONS,clust,ClustGrade-RKO,19,2,0.6179301978650669,,-0.6822
RUSPINI,clust,ClustGrade-RKO,0,3,0.6007487206889917,,-0.7924
RUSPINI,clust,ClustGrade-RKO,1,4,0.7952056074777271,,-0.7944
RUSPINI,clust,ClustGrade-RKO,2,3,0.581487151190576,,-0.7934
RUSPINI,clust,ClustGrade-RKO,3,4,0.795725360619469,,-0.7939
RUSPINI,clust,ClustGrade-RKO,4,4,0.7893478448454273,,-0.792
RUSPINI,clust,ClustGrade-RKO,5,4,0.7892050411551643,,-0.7907
RUSPINI,clust,ClustGrade-RKO,6,4,0.8013048178764944,,-0.8012
RUSPINI,clust,ClustGrade-RKO,7,4,0.7893478448454273,,-0.792
RUSPINI,clust,ClustGrade-RKO,8,3,0.583221516554389,,-0.7912
RUSPINI,clust,ClustGrade-RKO,9,4,0.7840975759106398,,-0.7882
RUSPINI,clust,ClustGrade-RKO,10,4,0.7893478448454273,,-0.792
RUSPINI,clust,ClustGrade-RKO,11,4,0.7893478448454273,,-0.792
RUSPINI,clust,ClustGrade-RKO,12,4,0.7893478448454273,,-0.792
RUSPINI,clust,ClustGrade-RKO,13,4,0.7915130394838583,,-0.7945
RUSPINI,clust,ClustGrade-RKO,14,4,0.7892050411551643,,-0.7907
RUSPINI,clust,ClustGrade-RKO,15,4,0.7891340367942601,,-0.7912
RUSPINI,clust,ClustGrade-RKO,16,4,0.7893478448454273,,-0.792
RUSPINI,clust,ClustGrade-RKO,17,3,0.5475435074596261,,-0.7939
RUSPINI,clust,ClustGrade-RKO,18,4,0.789036601410076,,-0.7918
RUSPINI,clust,ClustGrade-RKO,19,4,0.7892050411551643,,-0.7907
SONAR,clust,ClustGrade-RKO,0,2,0.517106655066114,,-0.5551
SONAR,clust,ClustGrade-RKO,1,2,0.5263955162960358,,-0.5694
SONAR,clust,ClustGrade-RKO,2,2,0.5593554024535655,,-0.6068
SONAR,clust,ClustGrade-RKO,3,2,0.5113035735604141,,-0.5489
SONAR,clust,ClustGrade-RKO,4,2,0.5224311578239413,,-0.5719
SONAR,clust,ClustGrade-RKO,5,2,0.5188248944402573,,-0.567
SONAR,clust,ClustGrade-RKO,6,2,0.4824636211686104,,-0.5029
SONAR,clust,ClustGrade-RKO,7,2,0.5426985486684398,,-0.5885
SONAR,clust,ClustGrade-RKO,8,2,0.47705152419480423,,-0.5076
SONAR,clust,ClustGrade-RKO,9,2,0.5303248390785673,,-0.5722
SONAR,clust,ClustGrade-RKO,10,2,0.5493712600150927,,-0.6016
SONAR,clust,ClustGrade-RKO,11,2,0.5301765246821925,,-0.5704
SONAR,clust,ClustGrade-RKO,12,2,0.5473449585834497,,-0.5906
SONAR,clust,ClustGrade-RKO,13,2,0.5226989024950733,,-0.5647
SONAR,clust,ClustGrade-RKO,14,2,0.5462345436159108,,-0.5949
SONAR,clust,ClustGrade-RKO,15,2,0.5462425931559836,,-0.5966
SONAR,clust,ClustGrade-RKO,16,2,0.5089864972989809,,-0.545
SONAR,clust,ClustGrade-RKO,17,2,0.515437130815097,,-0.5551
SONAR,clust,ClustGrade-RKO,18,2,0.5462425931559836,,-0.5966
SONAR,clust,ClustGrade-RKO,19,2,0.4994887726742796,,-0.5324
SPHERICAL4D3C,clust,ClustGrade-RKO,0,4,0.3846473231987012,,-0.4169
SPHERICAL4D3C,clust,ClustGrade-RKO,1,4,0.3967937882913392,,-0.4183
SPHERICAL4D3C,clust,ClustGrade-RKO,2,4,0.3783774303548428,,-0.4032
SPHERICAL4D3C,clust,ClustGrade-RKO,3,4,0.39464784217712434,,-0.4205
SPHERICAL4D3C,clust,ClustGrade-RKO,4,4,0.38319926320941267,,-0.4176
SPHERICAL4D3C,clust,ClustGrade-RKO,5,3,0.4519748250015104,,-0.4164
SPHERICAL4D3C,clust,ClustGrade-RKO,6,4,0.3846489850942157,,-0.4101
SPHERICAL4D3C,clust,ClustGrade-RKO,7,4,0.3953147251362081,,-0.4209
SPHERICAL4D3C,clust,ClustGrade-RKO,8,3,0.44120654251220814,,-0.4072
SPHERICAL4D3C,clust,ClustGrade-RKO,9,4,0.4050423278072995,,-0.4306
SPHERICAL4D3C,clust,ClustGrade-RKO,10,10,0.45665101447173734,,-0.4408
SPHERICAL4D3C,clust,ClustGrade-RKO,11,3,0.4539395452506058,,-0.416
SPHERICAL4D3C,clust,ClustGrade-RKO,12,4,0.4011456902426696,,-0.4285
SPHERICAL4D3C,clust,ClustGrade-RKO,13,4,0.379173901428658,,-0.408
SPHERICAL4D3C,clust,ClustGrade-RKO,14,4,0.3811659507455085,,-0.4065
SPHERICAL4D3C,clust,ClustGrade-RKO,15,4,0.3683448095824869,,-0.397
SPHERICAL4D3C,clust,ClustGrade-RKO,16,3,0.45188728307852544,,-0.4211
SPHERICAL4D3C,clust,ClustGrade-RKO,17,9,0.39231731546672716,,-0.4305
SPHERICAL4D3C,clust,ClustGrade-RKO,18,4,0.3785276588931253,,-0.4059
SPHERICAL4D3C,clust,ClustGrade-RKO,19,4,0.3827105128162026,,-0.4064
SPRDESP,clust,ClustGrade-RKO,0,2,0.6737017873160448,,-0.6729
SPRDESP,clust,ClustGrade-RKO,1,2,0.7137139369870316,,-0.7133
SPRDESP,clust,ClustGrade-RKO,2,2,0.7014865578319297,,-0.7015
SPRDESP,clust,ClustGrade-RKO,3,2,0.7128524739118108,,-0.7126
SPRDESP,clust,ClustGrade-RKO,4,2,0.7119373815817647,,-0.7112
SPRDESP,clust,ClustGrade-RKO,5,2,0.7106945875536184,,-0.7102
SPRDESP,clust,ClustGrade-RKO,6,2,0.7141731901205959,,-0.7133
SPRDESP,clust,ClustGrade-RKO,7,2,0.7106945875536184,,-0.7102
SPRDESP,clust,ClustGrade-RKO,8,2,0.7084336105505451,,-0.709
SPRDESP,clust,ClustGrade-RKO,9,2,0.7066520647958158,,-0.7064
SPRDESP,clust,ClustGrade-RKO,10,2,0.7145242132952148,,-0.7142
SPRDESP,clust,ClustGrade-RKO,11,2,0.7101512008854408,,-0.7097
SPRDESP,clust,ClustGrade-RKO,12,2,0.7091805960049554,,-0.7092
SPRDESP,clust,ClustGrade-RKO,13,2,0.711809746319324,,-0.7116
SPRDESP,clust,ClustGrade-RKO,14,2,0.7015160601541898,,-0.7021
SPRDESP,clust,ClustGrade-RKO,15,2,0.7048270658434295,,-0.705
SPRDESP,clust,ClustGrade-RKO,16,2,0.7101512008854408,,-0.7097
SPRDESP,clust,ClustGrade-RKO,17,2,0.7143128793308217,,-0.7141
SPRDESP,clust,ClustGrade-RKO,18,2,0.7060096423646341,,-0.7059
SPRDESP,clust,ClustGrade-RKO,19,2,0.710448561751156,,-0.7102
SYNTHETICCONTROL,clust,ClustGrade-RKO,0,3,0.43510802564308343,,-0.4271
SYNTHETICCONTROL,clust,ClustGrade-RKO,1,2,0.3498798513339903,,-0.4434
SYNTHETICCONTROL,clust,ClustGrade-RKO,2,3,0.42417412564875234,,-0.4237
SYNTHETICCONTROL,clust,ClustGrade-RKO,3,2,0.362186184518285,,-0.4681
SYNTHETICCONTROL,clust,ClustGrade-RKO,4,3,0.4361274803080074,,-0.4307
SYNTHETICCONTROL,clust,ClustGrade-RKO,5,2,0.3861883312421373,,-0.4967
SYNTHETICCONTROL,clust,ClustGrade-RKO,6,4,0.38130236494681163,,-0.4418
SYNTHETICCONTROL,clust,ClustGrade-RKO,7,3,0.44121303946841955,,-0.4332
SYNTHETICCONTROL,clust,ClustGrade-RKO,8,3,0.43396035953532136,,-0.4256
SYNTHETICCONTROL,clust,ClustGrade-RKO,9,3,0.44156674944585556,,-0.4373
SYNTHETICCONTROL,clust,ClustGrade-RKO,10,5,0.3805526673654482,,-0.443
SYNTHETICCONTROL,clust,ClustGrade-RKO,11,3,0.12890702905721413,,-0.423
SYNTHETICCONTROL,clust,ClustGrade-RKO,12,3,0.4440078030422445,,-0.4349
SYNTHETICCONTROL,clust,ClustGrade-RKO,13,5,0.3112944968599446,,-0.4332
SYNTHETICCONTROL,clust,ClustGrade-RKO,14,3,0.44654962184297714,,-0.4386
SYNTHETICCONTROL,clust,ClustGrade-RKO,15,3,0.44258815066590274,,-0.4477
SYNTHETICCONTROL,clust,ClustGrade-RKO,16,4,0.37948764429795817,,-0.431
SYNTHETICCONTROL,clust,ClustGrade-RKO,17,3,0.4254744327535216,,-0.4211
SYNTHETICCONTROL,clust,ClustGrade-RKO,18,3,0.44280509015147296,,-0.4386
SYNTHETICCONTROL,clust,ClustGrade-RKO,19,2,0.34241450373467347,,-0.4301
TRIPADVISOR,clust,ClustGrade-RKO,0,2,0.4476120041330654,,-0.5089
TRIPADVISOR,clust,ClustGrade-RKO,1,5,0.30988880595607476,,-0.3335
TRIPADVISOR,clust,ClustGrade-RKO,2,2,0.4581184469287845,,-0.4201
TRIPADVISOR,clust,ClustGrade-RKO,3,2,0.44336390756785854,,-0.5071
TRIPADVISOR,clust,ClustGrade-RKO,4,2,0.4420129909101729,,-0.5025
TRIPADVISOR,clust,ClustGrade-RKO,5,2,0.4470378907386196,,-0.5108
TRIPADVISOR,clust,ClustGrade-RKO,6,4,0.33514921261274605,,-0.3559
TRIPADVISOR,clust,ClustGrade-RKO,7,2,0.445879956111031,,-0.5089
TRIPADVISOR,clust,ClustGrade-RKO,8,3,0.32852449284453306,,-0.4813
TRIPADVISOR,clust,ClustGrade-RKO,9,3,0.25931828853339833,,-0.4236
TRIPADVISOR,clust,ClustGrade-RKO,10,2,0.4508970816564326,,-0.4119
TRIPADVISOR,clust,ClustGrade-RKO,11,2,0.4483323390315699,,-0.5129
TRIPADVISOR,clust,ClustGrade-RKO,12,3,0.36880522000201194,,-0.3596
TRIPADVISOR,clust,ClustGrade-RKO,13,2,0.4483323390315699,,-0.5129
TRIPADVISOR,clust,ClustGrade-RKO,14,2,0.36421652055780157,,-0.4229
TRIPADVISOR,clust,ClustGrade-RKO,15,2,0.35691030625415254,,-0.4138
TRIPADVISOR,clust,ClustGrade-RKO,16,2,0.46917082409802313,,-0.4326
TRIPADVISOR,clust,ClustGrade-RKO,17,2,0.40190593307547084,,-0.3545
TRIPADVISOR,clust,ClustGrade-RKO,18,2,0.44458578468308224,,-0.5023
TRIPADVISOR,clust,ClustGrade-RKO,19,2,0.4420129909101729,,-0.5025
UNIFORM400,clust,ClustGrade-RKO,0,5,0.27631770991904486,,-0.3996
UNIFORM400,clust,ClustGrade-RKO,1,3,0.3937595144692979,,-0.394
UNIFORM400,clust,ClustGrade-RKO,2,3,0.3745574687498788,,-0.3755
UNIFORM400,clust,ClustGrade-RKO,3,4,0.23032714167285218,,-0.3451
UNIFORM400,clust,ClustGrade-RKO,4,4,0.297675447306434,,-0.3923
UNIFORM400,clust,ClustGrade-RKO,5,4,0.2852908586558861,,-0.3818
UNIFORM400,clust,ClustGrade-RKO,6,3,0.38714916937611366,,-0.3827
UNIFORM400,clust,ClustGrade-RKO,7,3,0.37390849428119916,,-0.3732
UNIFORM400,clust,ClustGrade-RKO,8,4,0.29371786306953196,,-0.3703
UNIFORM400,clust,ClustGrade-RKO,9,3,0.3746923406544164,,-0.375
UNIFORM400,clust,ClustGrade-RKO,10,4,0.28274995221948457,,-0.3792
UNIFORM400,clust,ClustGrade-RKO,11,3,0.3865446008087246,,-0.3853
UNIFORM400,clust,ClustGrade-RKO,12,4,0.28104326703490584,,-0.3746
UNIFORM400,clust,ClustGrade-RKO,13,3,0.3934940774547167,,-0.3963
UNIFORM400,clust,ClustGrade-RKO,14,3,0.37068566664055,,-0.3729
UNIFORM400,clust,ClustGrade-RKO,15,6,0.28661249162067765,,-0.3802
UNIFORM400,clust,ClustGrade-RKO,16,5,0.243605119769273,,-0.3741
UNIFORM400,clust,ClustGrade-RKO,17,3,0.37875128139745073,,-0.3787
UNIFORM400,clust,ClustGrade-RKO,18,4,0.28128880644422666,,-0.37
UNIFORM400,clust,ClustGrade-RKO,19,5,0.28016627651516146,,-0.3862
UNIFORM700,clust,ClustGrade-RKO,0,5,0.33243860974756617,,-0.3306
UNIFORM700,clust,ClustGrade-RKO,1,4,0.2920769652854303,,-0.3661
UNIFORM700,clust,ClustGrade-RKO,2,2,0.35955591421140565,,-0.3392
UNIFORM700,clust,ClustGrade-RKO,3,2,0.3419566615045771,,-0.3363
UNIFORM700,clust,ClustGrade-RKO,4,4,0.330924872722652,,-0.3309
UNIFORM700,clust,ClustGrade-RKO,5,2,0.3414987523904873,,-0.3374
UNIFORM700,clust,ClustGrade-RKO,6,4,0.3261709361045671,,-0.3264
UNIFORM700,clust,ClustGrade-RKO,7,6,0.28415460368319045,,-0.3281
UNIFORM700,clust,ClustGrade-RKO,8,4,0.31121634414269406,,-0.3117
UNIFORM700,clust,ClustGrade-RKO,9,4,0.3348653382354561,,-0.3349
UNIFORM700,clust,ClustGrade-RKO,10,5,0.29658812519331185,,-0.3551
UNIFORM700,clust,ClustGrade-RKO,11,4,0.3372853135580087,,-0.3373
UNIFORM700,clust,ClustGrade-RKO,12,3,0.3632467704665845,,-0.364
UNIFORM700,clust,ClustGrade-RKO,13,2,0.349431255425056,,-0.3355
UNIFORM700,clust,ClustGrade-RKO,14,4,0.33748472978134786,,-0.3376
UNIFORM700,clust,ClustGrade-RKO,15,4,0.36882154117645644,,-0.369
UNIFORM700,clust,ClustGrade-RKO,16,2,0.3438633398840509,,-0.3369
UNIFORM700,clust,ClustGrade-RKO,17,3,0.3732842472656338,,-0.371
UNIFORM700,clust,ClustGrade-RKO,18,2,0.35104565161787304,,-0.3383
UNIFORM700,clust,ClustGrade-RKO,19,2,0.34294446617259544,,-0.3338
VOWEL2,clust,ClustGrade-RKO,0,3,0.42326671141153305,,-0.4227
VOWEL2,clust,ClustGrade-RKO,1,3,0.4311971177418978,,-0.4311
VOWEL2,clust,ClustGrade-RKO,2,2,0.41676294424419286,,-0.4248
VOWEL2,clust,ClustGrade-RKO,3,3,0.4178129301864134,,-0.4173
VOWEL2,clust,ClustGrade-RKO,4,2,0.4007292348655514,,-0.4048
VOWEL2,clust,ClustGrade-RKO,5,3,0.41753615970423774,,-0.4144
VOWEL2,clust,ClustGrade-RKO,6,3,0.42740448679918924,,-0.4238
VOWEL2,clust,ClustGrade-RKO,7,2,0.3899262711220865,,-0.3937
VOWEL2,clust,ClustGrade-RKO,8,4,0.3759032878508163,,-0.4346
VOWEL2,clust,ClustGrade-RKO,9,3,0.4349961557496162,,-0.4313
VOWEL2,clust,ClustGrade-RKO,10,8,0.3529078060027106,,-0.3531
VOWEL2,clust,ClustGrade-RKO,11,4,0.34517909979885475,,-0.4202
VOWEL2,clust,ClustGrade-RKO,12,3,0.4134456597683367,,-0.406
VOWEL2,clust,ClustGrade-RKO,13,4,0.39979247509801924,,-0.4347
VOWEL2,clust,ClustGrade-RKO,14,3,0.4241957211838982,,-0.4209
VOWEL2,clust,ClustGrade-RKO,15,3,0.44803829149208835,,-0.4354
VOWEL2,clust,ClustGrade-RKO,16,3,0.4297683212606717,,-0.4275
VOWEL2,clust,ClustGrade-RKO,17,3,0.4260064163387399,,-0.4245
VOWEL2,clust,ClustGrade-RKO,18,2,0.41291582380245706,,-0.4193
VOWEL2,clust,ClustGrade-RKO,19,2,0.39709618689530773,,-0.3985
WAVEFORM21,clust,ClustGrade-RKO,0,10,0.22775580775837295,,-0.2181
WAVEFORM21,clust,ClustGrade-RKO,1,22,0.23613814853772527,,-0.2318
WAVEFORM21,clust,ClustGrade-RKO,2,9,0.28004802348988345,,-0.2806
WAVEFORM21,clust,ClustGrade-RKO,3,4,0.24349875692997672,,-0.2417
WAVEFORM21,clust,ClustGrade-RKO,4,3,0.3051342913200396,,-0.2975
WAVEFORM21,clust,ClustGrade-RKO,5,14,0.1727843711673544,,-0.179
WAVEFORM21,clust,ClustGrade-RKO,6,20,0.2160406349644684,,-0.2077
WAVEFORM21,clust,ClustGrade-RKO,7,5,0.3316669691134857,,-0.3275
WAVEFORM21,clust,ClustGrade-RKO,8,14,0.23365447469238954,,-0.2302
WAVEFORM21,clust,ClustGrade-RKO,9,12,0.173760661429017,,-0.2518
WAVEFORM21,clust,ClustGrade-RKO,10,10,0.29358236231688245,,-0.3022
WAVEFORM21,clust,ClustGrade-RKO,11,8,0.3112986214885942,,-0.3061
WAVEFORM21,clust,ClustGrade-RKO,12,8,0.30693161201463987,,-0.3045
WAVEFORM21,clust,ClustGrade-RKO,13,6,0.3350344882972037,,-0.3381
WAVEFORM21,clust,ClustGrade-RKO,14,4,0.43178524355798736,,-0.4305
WAVEFORM21,clust,ClustGrade-RKO,15,6,0.3556243587130152,,-0.3636
WAVEFORM21,clust,ClustGrade-RKO,16,9,0.27513027387790423,,-0.2734
WAVEFORM21,clust,ClustGrade-RKO,17,4,0.363561134010867,,-0.3643
WAVEFORM21,clust,ClustGrade-RKO,18,22,0.2213475311826064,,-0.2274
WAVEFORM21,clust,ClustGrade-RKO,19,13,0.24327415304451924,,-0.2485
GAUSS9,clust,ClustGrade-RKO,0,8,0.3339954723041009,,-0.3372
GAUSS9,clust,ClustGrade-RKO,1,4,0.27532572285846985,,-0.3525
GAUSS9,clust,ClustGrade-RKO,2,7,0.3530375893696225,,-0.3503
GAUSS9,clust,ClustGrade-RKO,3,3,0.34655167402149195,,-0.3508
GAUSS9,clust,ClustGrade-RKO,4,10,0.3658152384623383,,-0.3685
GAUSS9,clust,ClustGrade-RKO,5,8,0.12736071205998337,,-0.3618
GAUSS9,clust,ClustGrade-RKO,6,5,0.14018612922900517,,-0.3596
GAUSS9,clust,ClustGrade-RKO,7,4,0.33312042281135024,,-0.3333
GAUSS9,clust,ClustGrade-RKO,8,4,0.3306846729761793,,-0.331
GAUSS9,clust,ClustGrade-RKO,9,6,0.31874941073288665,,-0.3787
GAUSS9,clust,ClustGrade-RKO,10,8,0.29648674564400446,,-0.3867
GAUSS9,clust,ClustGrade-RKO,11,6,0.08087400782715877,,-0.3638
GAUSS9,clust,ClustGrade-RKO,12,9,0.3548798270103956,,-0.3546
GAUSS9,clust,ClustGrade-RKO,13,6,0.28287228465800457,,-0.3507
GAUSS9,clust,ClustGrade-RKO,14,10,0.3230907645850469,,-0.3467
GAUSS9,clust,ClustGrade-RKO,15,2,0.32432484374084364,,-0.3332
GAUSS9,clust,ClustGrade-RKO,16,9,0.32742895614868667,,-0.3784
GAUSS9,clust,ClustGrade-RKO,17,7,0.3238981088745624,,-0.3266
GAUSS9,clust,ClustGrade-RKO,18,6,0.3299856506500287,,-0.3319
GAUSS9,clust,ClustGrade-RKO,19,7,0.3177285181330755,,-0.362
AGGREGATION,classf,ClustGrade-RKO,0,5,0.41227627534936784,0.7001430586668139,-0.4668
AGGREGATION,classf,ClustGrade-RKO,1,4,0.37890204457074295,0.542576022501901,-0.4871
AGGREGATION,classf,ClustGrade-RKO,2,5,0.4699321990659412,0.7818094789330446,-0.4706
AGGREGATION,classf,ClustGrade-RKO,3,4,0.5097398176115024,0.7076435336213841,-0.5095
AGGREGATION,classf,ClustGrade-RKO,4,3,0.47858421941746426,0.5555200209914449,-0.4806
AGGREGATION,classf,ClustGrade-RKO,5,5,0.4648232771167588,0.7692755373739402,-0.4658
AGGREGATION,classf,ClustGrade-RKO,6,4,0.42011464144542865,0.5711356919061482,-0.5102
AGGREGATION,classf,ClustGrade-RKO,7,5,0.42448270354056544,0.6368298548170429,-0.5013
AGGREGATION,classf,ClustGrade-RKO,8,3,0.47002353929192825,0.5426525634538405,-0.4719
AGGREGATION,classf,ClustGrade-RKO,9,5,0.3383300451093046,0.6876390635432954,-0.4988
AGGREGATION,classf,ClustGrade-RKO,10,5,0.4885784621228148,0.8048229987729945,-0.4877
AGGREGATION,classf,ClustGrade-RKO,11,3,0.48698376097717144,0.6002235156130576,-0.4831
AGGREGATION,classf,ClustGrade-RKO,12,4,0.37378415290936384,0.5140932182792383,-0.4699
AGGREGATION,classf,ClustGrade-RKO,13,4,0.5029727245105727,0.6867278665672614,-0.5029
AGGREGATION,classf,ClustGrade-RKO,14,6,0.33326058097761385,0.6910231127328812,-0.4617
AGGREGATION,classf,ClustGrade-RKO,15,7,0.475334916307281,0.900090378786946,-0.4739
AGGREGATION,classf,ClustGrade-RKO,16,4,0.5066589375267978,0.7438736671464934,-0.5072
AGGREGATION,classf,ClustGrade-RKO,17,3,0.4623610100433244,0.5348103957637953,-0.4645
AGGREGATION,classf,ClustGrade-RKO,18,8,0.35847150094143737,0.8042902243162049,-0.4535
AGGREGATION,classf,ClustGrade-RKO,19,4,0.37045337442155246,0.6614324272944265,-0.5022
COMPOUND,classf,ClustGrade-RKO,0,2,0.516707428095834,0.5138127224618544,-0.6265
COMPOUND,classf,ClustGrade-RKO,1,3,0.6494568662062797,0.7579554313788474,-0.6386
COMPOUND,classf,ClustGrade-RKO,2,4,0.5502610414885046,0.7609507057794347,-0.6315
COMPOUND,classf,ClustGrade-RKO,3,3,0.6507617053129009,0.7570974672888077,-0.6404
COMPOUND,classf,ClustGrade-RKO,4,3,0.4586434038019332,0.6429969488491531,-0.6133
COMPOUND,classf,ClustGrade-RKO,5,4,0.5438293362435198,0.7479531743764748,-0.631
COMPOUND,classf,ClustGrade-RKO,6,4,0.5575766227109847,0.7519641143577618,-0.6382
COMPOUND,classf,ClustGrade-RKO,7,4,0.5491836069257691,0.768374989960615,-0.6357
COMPOUND,classf,ClustGrade-RKO,8,4,0.5440111200310683,0.75603290859504,-0.6302
COMPOUND,classf,ClustGrade-RKO,9,3,0.6224609742726689,0.7053531628532083,-0.6118
COMPOUND,classf,ClustGrade-RKO,10,2,0.5298801901030779,0.5372890718815947,-0.6316
COMPOUND,classf,ClustGrade-RKO,11,3,0.49311655923014885,0.642435452425477,-0.6177
COMPOUND,classf,ClustGrade-RKO,12,3,0.6494054355524301,0.7310889972320453,-0.6335
COMPOUND,classf,ClustGrade-RKO,13,3,0.6576228501197845,0.7622337995071721,-0.6445
COMPOUND,classf,ClustGrade-RKO,14,3,0.6421165278242991,0.7497283964478324,-0.6266
COMPOUND,classf,ClustGrade-RKO,15,3,0.657098647282347,0.7619648387226604,-0.6439
COMPOUND,classf,ClustGrade-RKO,16,3,0.6468598152617145,0.7527856792954023,-0.6342
COMPOUND,classf,ClustGrade-RKO,17,3,0.6471563549076664,0.753742790893619,-0.6345
COMPOUND,classf,ClustGrade-RKO,18,3,0.6385057251392171,0.767178258590168,-0.6254
COMPOUND,classf,ClustGrade-RKO,19,3,0.4581142454825484,0.62527376301563,-0.6316
GLASS,classf,ClustGrade-RKO,0,2,0.634207388278538,0.17701530724593645,-0.6605
GLASS,classf,ClustGrade-RKO,1,2,0.6491681880360883,0.18673908442436582,-0.6708
GLASS,classf,ClustGrade-RKO,2,2,0.5877244407557115,0.2097515645819439,-0.6737
GLASS,classf,ClustGrade-RKO,3,3,0.6721118475992035,0.18676053441883744,-0.6671
GLASS,classf,ClustGrade-RKO,4,2,0.63386532660074,0.1689357261279157,-0.6624
GLASS,classf,ClustGrade-RKO,5,2,0.6418799916081067,0.1954614219418297,-0.6652
GLASS,classf,ClustGrade-RKO,6,2,0.6420110637260056,-0.010765794316508483,-0.6937
GLASS,classf,ClustGrade-RKO,7,3,0.6630543862520188,0.1993213297326984,-0.6651
GLASS,classf,ClustGrade-RKO,8,2,0.5883566172907294,0.21005447139421765,-0.6737
GLASS,classf,ClustGrade-RKO,9,3,0.6613225215201313,0.2068902353282478,-0.6687
GLASS,classf,ClustGrade-RKO,10,3,0.6602329568452088,0.2009575459212765,-0.6688
GLASS,classf,ClustGrade-RKO,11,2,0.6424146538687772,-0.01083660717640571,-0.6889
GLASS,classf,ClustGrade-RKO,12,2,0.6283334887425697,-0.011017975951761813,-0.6668
GLASS,classf,ClustGrade-RKO,13,2,0.6069683546302601,-0.010378290118968602,-0.6618
GLASS,classf,ClustGrade-RKO,14,3,0.6744763222836447,0.19725666739777864,-0.6704
GLASS,classf,ClustGrade-RKO,15,3,0.6553785996290945,0.22566723432411814,-0.6669
GLASS,classf,ClustGrade-RKO,16,3,0.7057241408192048,0.1958218571626729,-0.6896
GLASS,classf,ClustGrade-RKO,17,3,0.6736131096449707,0.18134217056321764,-0.6584
GLASS,classf,ClustGrade-RKO,18,3,0.6639896900339565,0.16403934400214532,-0.6464
GLASS,classf,ClustGrade-RKO,19,3,0.6914666091105902,0.20395570979009334,-0.6774
ECOLI,classf,ClustGrade-RKO,0,2,0.3920947706444199,0.02809315802345075,-0.659
ECOLI,classf,ClustGrade-RKO,1,2,0.3871060964990527,0.02785159994823582,-0.6566
ECOLI,classf,ClustGrade-RKO,2,2,0.377976403273496,0.02528946762548716,-0.6319
ECOLI,classf,ClustGrade-RKO,3,2,0.3712085353680517,0.032336533584825196,-0.6376
ECOLI,classf,ClustGrade-RKO,4,2,0.35346318633119966,0.030216646211177686,-0.6176
ECOLI,classf,ClustGrade-RKO,5,2,0.3860767113062448,0.026643995135411023,-0.6481
ECOLI,classf,ClustGrade-RKO,6,2,0.38713155943030225,0.027015630634287493,-0.6512
ECOLI,classf,ClustGrade-RKO,7,3,0.5082972652016483,0.6977448509753931,-0.5936
ECOLI,classf,ClustGrade-RKO,8,2,0.3854630540433121,0.026525227687657284,-0.647
ECOLI,classf,ClustGrade-RKO,9,2,0.3797019372264977,0.02602327843655474,-0.6387
ECOLI,classf,ClustGrade-RKO,10,3,0.546261998255051,0.6973272620993173,-0.6154
ECOLI,classf,ClustGrade-RKO,11,2,0.38693744115515033,0.02683375353757055,-0.6493
ECOLI,classf,ClustGrade-RKO,12,2,0.38693744115515033,0.02683375353757055,-0.6493
ECOLI,classf,ClustGrade-RKO,13,2,0.37686933179750426,0.02554170054544555,-0.6329
ECOLI,classf,ClustGrade-RKO,14,2,0.3724209308373453,0.032078434829232574,-0.6206
ECOLI,classf,ClustGrade-RKO,15,3,0.5279509504252337,0.6736305098056743,-0.5965
ECOLI,classf,ClustGrade-RKO,16,2,0.37686933179750426,0.02554170054544555,-0.6329
ECOLI,classf,ClustGrade-RKO,17,2,0.38703796575073596,0.027336861296691273,-0.6523
ECOLI,classf,ClustGrade-RKO,18,2,0.3920947706444199,0.02809315802345075,-0.659
ECOLI,classf,ClustGrade-RKO,19,2,0.3823713634319353,0.02623591803788718,-0.6421
FLAME,classf,ClustGrade-RKO,0,3,0.4734493023075609,0.6277323544134824,-0.4546
FLAME,classf,ClustGrade-RKO,1,3,0.43585862689834476,0.6143208888578215,-0.4424
FLAME,classf,ClustGrade-RKO,2,3,0.4661314507274253,0.6341957277499286,-0.4472
FLAME,classf,ClustGrade-RKO,3,3,0.42284890761959215,0.6319475315042941,-0.4296
FLAME,classf,ClustGrade-RKO,4,4,0.4587588919140562,0.39581805656114577,-0.4632
FLAME,classf,ClustGrade-RKO,5,3,0.3995049631927514,0.6054134569490233,-0.4171
FLAME,classf,ClustGrade-RKO,6,3,0.4560771199485011,0.5996840811504855,-0.4517
FLAME,classf,ClustGrade-RKO,7,3,0.47572718852655566,0.6391306487651708,-0.4597
FLAME,classf,ClustGrade-RKO,8,3,0.46402105019303425,0.6262750342079447,-0.4547
FLAME,classf,ClustGrade-RKO,9,3,0.472379095203615,0.6141259875706175,-0.4577
FLAME,classf,ClustGrade-RKO,10,4,0.46906439973104463,0.40789817697341824,-0.4723
FLAME,classf,ClustGrade-RKO,11,3,0.48285184722247454,0.5965709900803521,-0.4579
FLAME,classf,ClustGrade-RKO,12,3,0.49810905696493185,0.6293129146132466,-0.4726
FLAME,classf,ClustGrade-RKO,13,3,0.4223160874684954,0.6305803126991775,-0.4322
FLAME,classf,ClustGrade-RKO,14,3,0.4373318292185163,0.6446697257972006,-0.4462
FLAME,classf,ClustGrade-RKO,15,3,0.45839446808443374,0.6234484618385404,-0.4434
FLAME,classf,ClustGrade-RKO,16,3,0.4401046897127318,0.6029563930781373,-0.4283
FLAME,classf,ClustGrade-RKO,17,3,0.47461171799571766,0.628259745195916,-0.459
FLAME,classf,ClustGrade-RKO,18,3,0.34777112747732575,0.4575046295317425,-0.4069
FLAME,classf,ClustGrade-RKO,19,3,0.4801822275231776,0.6331675333778346,-0.4592
HABERMAN,classf,ClustGrade-RKO,0,2,0.611740581743161,0.03863288423410538,-0.6206
HABERMAN,classf,ClustGrade-RKO,1,2,0.6318182764132713,0.04010032037917782,-0.6461
HABERMAN,classf,ClustGrade-RKO,2,2,0.61259819842909,0.039626143696547635,-0.6204
HABERMAN,classf,ClustGrade-RKO,3,2,0.6185605792778991,0.04046719023857432,-0.6288
HABERMAN,classf,ClustGrade-RKO,4,2,0.6047293059086829,0.03766809593509297,-0.6109
HABERMAN,classf,ClustGrade-RKO,5,2,0.6038993973470246,0.036730734766792436,-0.6111
HABERMAN,classf,ClustGrade-RKO,6,2,0.6185605792778991,0.04046719023857432,-0.6288
HABERMAN,classf,ClustGrade-RKO,7,2,0.6074940506368299,0.037132973003483595,-0.611
HABERMAN,classf,ClustGrade-RKO,8,2,0.6549025817295445,0.04489857572993135,-0.6711
HABERMAN,classf,ClustGrade-RKO,9,2,0.6205558053152748,0.04046719023857432,-0.6332
HABERMAN,classf,ClustGrade-RKO,10,2,0.6214565041438824,0.04151923817570013,-0.633
HABERMAN,classf,ClustGrade-RKO,11,2,0.6074940506368299,0.037132973003483595,-0.611
HABERMAN,classf,ClustGrade-RKO,12,2,0.611740581743161,0.03863288423410538,-0.6206
HABERMAN,classf,ClustGrade-RKO,13,2,0.592144733618031,0.03616554688703489,-0.5961
HABERMAN,classf,ClustGrade-RKO,14,2,0.61259819842909,0.039626143696547635,-0.6204
HABERMAN,classf,ClustGrade-RKO,15,2,0.592144733618031,0.03616554688703489,-0.5961
HABERMAN,classf,ClustGrade-RKO,16,2,0.6133231107245368,0.03980535815782282,-0.6243
HABERMAN,classf,ClustGrade-RKO,17,2,0.6580322655410349,0.04332675388217491,-0.6807
HABERMAN,classf,ClustGrade-RKO,18,2,0.6047293059086829,0.03766809593509297,-0.6109
HABERMAN,classf,ClustGrade-RKO,19,2,0.5938220247827496,0.036905558230051094,-0.5959
IONOSPHERE,classf,ClustGrade-RKO,0,3,0.5763420090350958,0.14421818857751922,-0.5572
IONOSPHERE,classf,ClustGrade-RKO,1,3,0.5733329512579033,0.13407553281294504,-0.5548
IONOSPHERE,classf,ClustGrade-RKO,2,3,0.583128880466419,0.14098710268874526,-0.5573
IONOSPHERE,classf,ClustGrade-RKO,3,3,0.5898778117267491,0.14452332093372142,-0.565
IONOSPHERE,classf,ClustGrade-RKO,4,3,0.5873061833646216,0.15476547720943765,-0.564
IONOSPHERE,classf,ClustGrade-RKO,5,3,0.5793737655979099,0.1438900516279191,-0.561
IONOSPHERE,classf,ClustGrade-RKO,6,3,0.5693892360627392,0.14471802206852866,-0.5559
IONOSPHERE,classf,ClustGrade-RKO,7,3,0.5795416961378403,0.15018301462115224,-0.5595
IONOSPHERE,classf,ClustGrade-RKO,8,3,0.592593752075629,0.14200673869861943,-0.5621
IONOSPHERE,classf,ClustGrade-RKO,9,3,0.5807209841380362,0.13713899636631144,-0.5489
IONOSPHERE,classf,ClustGrade-RKO,10,3,0.5766351077507944,0.15583921663821534,-0.5519
IONOSPHERE,classf,ClustGrade-RKO,11,3,0.5800899895295203,0.14604704138744243,-0.5508
IONOSPHERE,classf,ClustGrade-RKO,12,3,0.5754396069524279,0.1548048502259769,-0.5584
IONOSPHERE,classf,ClustGrade-RKO,13,3,0.5793249914339643,0.14610135207311717,-0.5517
IONOSPHERE,classf,ClustGrade-RKO,14,3,0.5782608711593324,0.14628095026980348,-0.5493
IONOSPHERE,classf,ClustGrade-RKO,15,4,0.5709950281769968,0.15162586451579027,-0.5582
IONOSPHERE,classf,ClustGrade-RKO,16,3,0.5732068851402176,0.1373882620826109,-0.5412
IONOSPHERE,classf,ClustGrade-RKO,17,3,0.5695928936090554,0.1408609516971144,-0.5477
IONOSPHERE,classf,ClustGrade-RKO,18,3,0.5726626521713434,0.1290717263705304,-0.5538
IONOSPHERE,classf,ClustGrade-RKO,19,3,0.5776624003571643,0.16272599175017494,-0.5268
IRIS,classf,ClustGrade-RKO,0,3,0.5916234351146064,0.5143456829567262,-0.5978
IRIS,classf,ClustGrade-RKO,1,4,0.551592478738871,0.4532662692843736,-0.5694
IRIS,classf,ClustGrade-RKO,2,4,0.2710517096664577,0.2081488207253948,-0.5389
IRIS,classf,ClustGrade-RKO,3,2,0.6353542962751302,0.6012039803868017,-0.5363
IRIS,classf,ClustGrade-RKO,4,3,0.5386070635747477,0.45922082211552007,-0.5594
IRIS,classf,ClustGrade-RKO,5,2,0.6349779226348938,0.6288850678781183,-0.5312
IRIS,classf,ClustGrade-RKO,6,3,0.5295707192765136,0.4318481166989608,-0.5574
IRIS,classf,ClustGrade-RKO,7,2,0.6337330034208198,0.5960758892538375,-0.5321
IRIS,classf,ClustGrade-RKO,8,3,0.5589434806860626,0.5483937748338161,-0.5403
IRIS,classf,ClustGrade-RKO,9,3,0.5521518798117149,0.49733872145362196,-0.5551
IRIS,classf,ClustGrade-RKO,10,3,0.30952985958037355,0.35216044708776834,-0.5482
IRIS,classf,ClustGrade-RKO,11,3,0.23619628479292404,0.22840676703073612,-0.5616
IRIS,classf,ClustGrade-RKO,12,3,0.5663393527173775,0.508055322751351,-0.5763
IRIS,classf,ClustGrade-RKO,13,2,0.6254330185000437,0.6586813089492096,-0.536
IRIS,classf,ClustGrade-RKO,14,3,0.47525766593194874,0.48228228093644987,-0.5228
IRIS,classf,ClustGrade-RKO,15,2,0.6360559605720943,0.6406770633023412,-0.5347
IRIS,classf,ClustGrade-RKO,16,3,0.52736002985368,0.44773728092888226,-0.5509
IRIS,classf,ClustGrade-RKO,17,2,0.435762452366437,0.2952587683215695,-0.5672
IRIS,classf,ClustGrade-RKO,18,2,0.25677390868909067,0.24750166267911589,-0.5543
IRIS,classf,ClustGrade-RKO,19,3,0.5746711751325179,0.5776175083126623,-0.5661
JAIN,classf,ClustGrade-RKO,0,4,0.5111469566434023,0.30930938648068157,-0.5159
JAIN,classf,ClustGrade-RKO,1,4,0.5185256754307024,0.3125374547428687,-0.5238
JAIN,classf,ClustGrade-RKO,2,3,0.49985237249060754,0.3199183715152193,-0.5004
JAIN,classf,ClustGrade-RKO,3,4,0.4721140750279859,0.3029405988035878,-0.5055
JAIN,classf,ClustGrade-RKO,4,4,0.4979422900849409,0.30465612819874305,-0.503
JAIN,classf,ClustGrade-RKO,5,3,0.5329699332293497,0.3153505662254546,-0.529
JAIN,classf,ClustGrade-RKO,6,4,0.5220124814961982,0.311110809148039,-0.5272
JAIN,classf,ClustGrade-RKO,7,3,0.5128806398384476,0.21154327695525213,-0.5085
JAIN,classf,ClustGrade-RKO,8,4,0.4241492849345293,0.3627403000811329,-0.529
JAIN,classf,ClustGrade-RKO,9,4,0.41218528892078954,0.40641740602277815,-0.5459
JAIN,classf,ClustGrade-RKO,10,4,0.5052526386728016,0.31500909154326556,-0.5107
JAIN,classf,ClustGrade-RKO,11,4,0.5101234568667522,0.3072717538739202,-0.5142
JAIN,classf,ClustGrade-RKO,12,4,0.5154986661471707,0.3079754127557395,-0.5203
JAIN,classf,ClustGrade-RKO,13,4,0.306741531138845,0.38813950941798775,-0.5044
JAIN,classf,ClustGrade-RKO,14,3,0.5178714498714354,0.33551253163534067,-0.5152
JAIN,classf,ClustGrade-RKO,15,5,0.4493453616775984,0.3390506502121939,-0.5179
JAIN,classf,ClustGrade-RKO,16,3,0.5102427792051779,0.27784460094072755,-0.5063
JAIN,classf,ClustGrade-RKO,17,3,0.5094510276543754,0.36678609030829995,-0.5129
JAIN,classf,ClustGrade-RKO,18,4,0.3490889167536869,0.2571097868674056,-0.5114
JAIN,classf,ClustGrade-RKO,19,4,0.5195979988450001,0.3023363048760639,-0.5238
NEW-THYROID,classf,ClustGrade-RKO,0,2,0.8398446478493796,0.002576060945881859,-0.8507
NEW-THYROID,classf,ClustGrade-RKO,1,3,0.8419118858372451,0.002884508301204331,-0.846
NEW-THYROID,classf,ClustGrade-RKO,2,2,0.8398446478493796,0.002576060945881859,-0.8507
NEW-THYROID,classf,ClustGrade-RKO,3,3,0.8428433352726102,0.007313875545215442,-0.838
NEW-THYROID,classf,ClustGrade-RKO,4,2,0.8459704715318066,-0.0006283791596831805,-0.8566
NEW-THYROID,classf,ClustGrade-RKO,5,3,0.8417460259594383,0.004705071908342505,-0.8429
NEW-THYROID,classf,ClustGrade-RKO,6,3,0.8286790994514692,0.0010560994597197065,-0.8358
NEW-THYROID,classf,ClustGrade-RKO,7,3,0.8522989611885651,0.004722015116296069,-0.8516
NEW-THYROID,classf,ClustGrade-RKO,8,3,0.8350797626605195,0.0034030480383188885,-0.8387
NEW-THYROID,classf,ClustGrade-RKO,9,3,0.8623125626365159,0.006386199120329475,-0.8529
NEW-THYROID,classf,ClustGrade-RKO,10,2,0.8442531047122313,0.0021207949526143182,-0.8552
NEW-THYROID,classf,ClustGrade-RKO,11,2,0.818217881971113,-0.0017996842485342016,-0.8313
NEW-THYROID,classf,ClustGrade-RKO,12,3,0.8449941698699663,0.004794915520005344,-0.8461
NEW-THYROID,classf,ClustGrade-RKO,13,2,0.8412573297323721,-0.0018840224271808564,-0.8515
NEW-THYROID,classf,ClustGrade-RKO,14,2,0.8487944362328386,0.002167355319526477,-0.8582
NEW-THYROID,classf,ClustGrade-RKO,15,3,0.8400630002814116,0.0021850339751159327,-0.8454
NEW-THYROID,classf,ClustGrade-RKO,16,3,0.84444551348724,0.0051348825518623435,-0.8441
NEW-THYROID,classf,ClustGrade-RKO,17,2,0.7924133432343252,-0.0017163750145840675,-0.8083
NEW-THYROID,classf,ClustGrade-RKO,18,2,0.8439351748701949,-0.0011018721494530787,-0.8538
NEW-THYROID,classf,ClustGrade-RKO,19,2,0.8214183075932386,-0.0009417289069353036,-0.8354
PATHBASED,classf,ClustGrade-RKO,0,5,0.44868032442209255,0.5097304336803519,-0.4504
PATHBASED,classf,ClustGrade-RKO,1,4,0.42410929020936333,0.361363205493363,-0.4399
PATHBASED,classf,ClustGrade-RKO,2,4,0.4639447661819683,0.41957517204978423,-0.4619
PATHBASED,classf,ClustGrade-RKO,3,4,0.47087840442232387,0.4420307628220387,-0.468
PATHBASED,classf,ClustGrade-RKO,4,4,0.46860101232216783,0.4478906892948444,-0.4655
PATHBASED,classf,ClustGrade-RKO,5,4,0.46607024081587867,0.4466770451340107,-0.4637
PATHBASED,classf,ClustGrade-RKO,6,3,0.467749043901955,0.3888404511382079,-0.4669
PATHBASED,classf,ClustGrade-RKO,7,4,0.4690032246251993,0.4204897595719486,-0.4653
PATHBASED,classf,ClustGrade-RKO,8,5,0.424399709198474,0.39440761960444487,-0.433
PATHBASED,classf,ClustGrade-RKO,9,4,0.43958023438014965,0.3794101185385072,-0.4425
PATHBASED,classf,ClustGrade-RKO,10,3,0.4697762532064532,0.39164237755455455,-0.4616
PATHBASED,classf,ClustGrade-RKO,11,5,0.45700781176390737,0.41118510311779527,-0.4666
PATHBASED,classf,ClustGrade-RKO,12,4,0.42215110945363993,0.43287754792182476,-0.4672
PATHBASED,classf,ClustGrade-RKO,13,3,0.47147425253382474,0.3924303651131505,-0.4661
PATHBASED,classf,ClustGrade-RKO,14,4,0.47721171074600544,0.4417388428373647,-0.4734
PATHBASED,classf,ClustGrade-RKO,15,4,0.4638651609111814,0.4049669498324362,-0.4654
PATHBASED,classf,ClustGrade-RKO,16,4,0.460755379681769,0.424210785321688,-0.4585
PATHBASED,classf,ClustGrade-RKO,17,3,0.4392408653541581,0.3565224852115156,-0.438
PATHBASED,classf,ClustGrade-RKO,18,4,0.33021029961583265,0.43490752030376223,-0.4859
PATHBASED,classf,ClustGrade-RKO,19,4,0.45943110038605245,0.45612816265041534,-0.4652
PIMA-INDIANS,classf,ClustGrade-RKO,0,2,0.38268560061620766,-0.0073522900644388805,-0.5176
PIMA-INDIANS,classf,ClustGrade-RKO,1,2,0.38268560061620766,-0.0073522900644388805,-0.5176
PIMA-INDIANS,classf,ClustGrade-RKO,2,3,0.3996746029086617,0.12313878909494969,-0.3794
PIMA-INDIANS,classf,ClustGrade-RKO,3,2,0.42571431362410805,0.003981844030454694,-0.4727
PIMA-INDIANS,classf,ClustGrade-RKO,4,2,0.3685537408417331,-0.007098469252390367,-0.4922
PIMA-INDIANS,classf,ClustGrade-RKO,5,4,0.39122008751702414,0.144491191281208,-0.398
PIMA-INDIANS,classf,ClustGrade-RKO,6,2,0.38022994648024877,-0.007283403296210645,-0.5118
PIMA-INDIANS,classf,ClustGrade-RKO,7,2,0.4488354807521699,0.006432691854416134,-0.514
PIMA-INDIANS,classf,ClustGrade-RKO,8,2,0.3096443186131112,-0.011712817938119879,-0.4225
PIMA-INDIANS,classf,ClustGrade-RKO,9,2,0.36121087730867535,-0.004870333105098042,-0.473
PIMA-INDIANS,classf,ClustGrade-RKO,10,3,0.4120743873142228,0.1467359279720807,-0.3994
PIMA-INDIANS,classf,ClustGrade-RKO,11,2,0.3807594423160201,-0.0075384568428185274,-0.5218
PIMA-INDIANS,classf,ClustGrade-RKO,12,2,0.31772391223977753,0.01337105689521259,-0.3984
PIMA-INDIANS,classf,ClustGrade-RKO,13,2,0.4320487304244445,-0.0008100882567288801,-0.5235
PIMA-INDIANS,classf,ClustGrade-RKO,14,2,0.375397881307656,-0.007181873926211147,-0.5056
PIMA-INDIANS,classf,ClustGrade-RKO,15,2,0.4216468972593644,0.00013267361474911558,-0.5102
PIMA-INDIANS,classf,ClustGrade-RKO,16,3,0.41144095086111554,0.14978079625242036,-0.4011
PIMA-INDIANS,classf,ClustGrade-RKO,17,2,0.37980904960570694,-0.007241265117281732,-0.5143
PIMA-INDIANS,classf,ClustGrade-RKO,18,2,0.4403511718923651,0.006521067207115437,-0.4972
PIMA-INDIANS,classf,ClustGrade-RKO,19,3,0.40990344033739895,0.14892782881613556,-0.396
R15,classf,ClustGrade-RKO,0,8,0.6541357442134847,0.2635649518107282,-0.6544
R15,classf,ClustGrade-RKO,1,14,0.5908797719753023,0.7965162095727786,-0.671
R15,classf,ClustGrade-RKO,2,8,0.6553846679013521,0.2682869032087443,-0.6556
R15,classf,ClustGrade-RKO,3,9,0.6232642325884584,0.2620185030624381,-0.6584
R15,classf,ClustGrade-RKO,4,8,0.6594975900437791,0.2694921259328371,-0.6598
R15,classf,ClustGrade-RKO,5,13,0.6225382050508305,0.7728684254429281,-0.6897
R15,classf,ClustGrade-RKO,6,8,0.6662525426361483,0.2766511362244397,-0.6665
R15,classf,ClustGrade-RKO,7,9,0.6228505094992606,0.2589815009718078,-0.6588
R15,classf,ClustGrade-RKO,8,9,0.6144537181376205,0.25969349592318536,-0.6566
R15,classf,ClustGrade-RKO,9,9,0.6175530475357879,0.2628978357114109,-0.66
R15,classf,ClustGrade-RKO,10,8,0.6637660777922412,0.27386266075006,-0.664
R15,classf,ClustGrade-RKO,11,8,0.6574565502704339,0.26493096325433907,-0.6577
R15,classf,ClustGrade-RKO,12,9,0.619683655583727,0.26329177933027664,-0.6643
R15,classf,ClustGrade-RKO,13,13,0.663019440832474,0.814940187856821,-0.6614
R15,classf,ClustGrade-RKO,14,16,0.6870695044464914,0.9150462308552467,-0.7161
R15,classf,ClustGrade-RKO,15,8,0.6623408790910633,0.2722675622997242,-0.6625
R15,classf,ClustGrade-RKO,16,8,0.6564646984612212,0.26418178812084725,-0.6567
R15,classf,ClustGrade-RKO,17,8,0.6539042762818593,0.2627509876584982,-0.6541
R15,classf,ClustGrade-RKO,18,8,0.6558200839538325,0.2642607202879566,-0.6561
R15,classf,ClustGrade-RKO,19,11,0.6172573417962851,0.6570304456226382,-0.6178
SEEDS,classf,ClustGrade-RKO,0,3,0.4544096826239549,0.5542006092775814,-0.4614
SEEDS,classf,ClustGrade-RKO,1,4,0.3790270059616906,0.59019636730601,-0.4761
SEEDS,classf,ClustGrade-RKO,2,3,0.5259546950098192,0.6589500117443379,-0.531
SEEDS,classf,ClustGrade-RKO,3,4,0.3577654946921754,0.5553732966457205,-0.4834
SEEDS,classf,ClustGrade-RKO,4,3,0.5207474739965504,0.7152723284639352,-0.5199
SEEDS,classf,ClustGrade-RKO,5,3,0.5189719634212752,0.6995910314532401,-0.5178
SEEDS,classf,ClustGrade-RKO,6,5,0.33512566821583945,0.6278785202670764,-0.5392
SEEDS,classf,ClustGrade-RKO,7,3,0.5240070008474563,0.6611365876879318,-0.5319
SEEDS,classf,ClustGrade-RKO,8,3,0.5246846948824455,0.6299872841908712,-0.5341
SEEDS,classf,ClustGrade-RKO,9,4,0.46160198335532654,0.6673931787236149,-0.5439
SEEDS,classf,ClustGrade-RKO,10,3,0.5214678421609247,0.7880198474640338,-0.4898
SEEDS,classf,ClustGrade-RKO,11,3,0.529078641779753,0.6823333613516013,-0.532
SEEDS,classf,ClustGrade-RKO,12,3,0.5362062892580356,0.6924193920754049,-0.5422
SEEDS,classf,ClustGrade-RKO,13,3,0.5043694335002842,0.6537816871210669,-0.507
SEEDS,classf,ClustGrade-RKO,14,3,0.5275622309734308,0.6744561176956538,-0.5283
SEEDS,classf,ClustGrade-RKO,15,2,0.34087708645018644,0.325845908891228,-0.5235
SEEDS,classf,ClustGrade-RKO,16,3,0.48581227856383646,0.54694514010301,-0.5006
SEEDS,classf,ClustGrade-RKO,17,3,0.5255620269221977,0.6711763467380516,-0.5375
SEEDS,classf,ClustGrade-RKO,18,4,0.4047612995461739,0.5685752290503571,-0.5255
SEEDS,classf,ClustGrade-RKO,19,3,0.5290595217483682,0.6638392321057252,-0.5377
SPIRAL,classf,ClustGrade-RKO,0,4,0.4022577580866082,-0.006519766931321911,-0.4023
SPIRAL,classf,ClustGrade-RKO,1,4,0.3655813330525497,-0.003972234340959687,-0.3659
SPIRAL,classf,ClustGrade-RKO,2,4,0.39026595545974774,-0.004536643759625234,-0.3903
SPIRAL,classf,ClustGrade-RKO,3,4,0.36549500526398654,-0.004602256370406778,-0.3657
SPIRAL,classf,ClustGrade-RKO,4,4,0.3723948070735234,-0.0026227889302268548,-0.3731
SPIRAL,classf,ClustGrade-RKO,5,4,0.37915410070205946,-0.0055887863390551105,-0.3793
SPIRAL,classf,ClustGrade-RKO,6,4,0.4034481170277072,-0.006163543510759644,-0.4035
SPIRAL,classf,ClustGrade-RKO,7,4,0.4087194145070999,-0.004463310902511278,-0.4093
SPIRAL,classf,ClustGrade-RKO,8,4,0.3889039463270456,-0.004869163806447417,-0.3893
SPIRAL,classf,ClustGrade-RKO,9,4,0.408550108637969,-0.005991839262042363,-0.409
SPIRAL,classf,ClustGrade-RKO,10,4,0.3792942379862025,-0.0039260968718481904,-0.3798
SPIRAL,classf,ClustGrade-RKO,11,6,0.34688272433839806,0.008540437045318292,-0.3685
SPIRAL,classf,ClustGrade-RKO,12,6,0.3495996850285936,0.013449506819693062,-0.3655
SPIRAL,classf,ClustGrade-RKO,13,5,0.38944363783827896,0.018431571564341536,-0.3909
SPIRAL,classf,ClustGrade-RKO,14,4,0.390514228525813,-0.006257378206964658,-0.3908
SPIRAL,classf,ClustGrade-RKO,15,4,0.38999886500508957,-0.0052807112710931674,-0.3913
SPIRAL,classf,ClustGrade-RKO,16,5,0.38528615750760326,0.015234701496920456,-0.3914
SPIRAL,classf,ClustGrade-RKO,17,4,0.39282000189098665,-0.005778489959996589,-0.3928
SPIRAL,classf,ClustGrade-RKO,18,4,0.3928735808176726,-0.0049360787282089705,-0.3932
SPIRAL,classf,ClustGrade-RKO,19,4,0.39384645375466604,-0.006931126756854766,-0.3946
WDBC,classf,ClustGrade-RKO,0,2,0.5656634963190388,0.0015473485773693,-0.6201
WDBC,classf,ClustGrade-RKO,1,2,0.5592083200833553,0.0013779593894019454,-0.6209
WDBC,classf,ClustGrade-RKO,2,2,0.5675620212134354,0.014064720988058596,-0.5876
WDBC,classf,ClustGrade-RKO,3,2,0.5704229385574006,0.0017016939793604341,-0.6189
WDBC,classf,ClustGrade-RKO,4,2,0.5751844769398814,0.0018386065758820775,-0.6285
WDBC,classf,ClustGrade-RKO,5,2,0.578412151500911,0.0021002016611249208,-0.6294
WDBC,classf,ClustGrade-RKO,6,2,0.5409124817649631,0.00015201273076776616,-0.5895
WDBC,classf,ClustGrade-RKO,7,2,0.5759534554396002,0.0006216481706274431,-0.6332
WDBC,classf,ClustGrade-RKO,8,3,0.5301570642456047,0.016691931470520196,-0.6082
WDBC,classf,ClustGrade-RKO,9,2,0.5903607928354088,0.002390671203420711,-0.6342
WDBC,classf,ClustGrade-RKO,10,2,0.5796692477497769,0.0020398083166256326,-0.6237
WDBC,classf,ClustGrade-RKO,11,2,0.5932023710915121,0.016575333254235335,-0.6082
WDBC,classf,ClustGrade-RKO,12,2,0.5754053403485008,0.0019806032761748387,-0.6253
WDBC,classf,ClustGrade-RKO,13,2,0.5593937231604271,0.00019608689452362422,-0.6109
WDBC,classf,ClustGrade-RKO,14,2,0.5721896285863689,0.0011874708796333264,-0.6
WDBC,classf,ClustGrade-RKO,15,2,0.5815004234755226,-0.000822200259593123,-0.6345
WDBC,classf,ClustGrade-RKO,16,2,0.6534226532304673,0.018627085400535207,-0.6306
WDBC,classf,ClustGrade-RKO,17,2,0.5890326586906119,0.002324351668059689,-0.6354
WDBC,classf,ClustGrade-RKO,18,2,0.5841843669610994,0.0022887247617278854,-0.6271
WDBC,classf,ClustGrade-RKO,19,2,0.5952536795209487,0.016820621832655834,-0.6097
WINE,classf,ClustGrade-RKO,0,3,0.6204104511276948,0.004859972254590512,-0.6339
WINE,classf,ClustGrade-RKO,1,3,0.6258833932732759,0.007850903334139538,-0.6337
WINE,classf,ClustGrade-RKO,2,3,0.33848434277167416,0.0058229139623992504,-0.6158
WINE,classf,ClustGrade-RKO,3,2,0.42116575395414313,0.007029685503704036,-0.618
WINE,classf,ClustGrade-RKO,4,2,0.45478839007523153,0.008606464211840319,-0.6414
WINE,classf,ClustGrade-RKO,5,3,0.6149949168823959,0.006483477715495276,-0.623
WINE,classf,ClustGrade-RKO,6,2,0.46110548526335,0.0031960347742867397,-0.6239
WINE,classf,ClustGrade-RKO,7,2,0.3848995945361757,0.0012696249501476613,-0.6452
WINE,classf,ClustGrade-RKO,8,3,0.18550812956416146,0.000350469778354605,-0.6305
WINE,classf,ClustGrade-RKO,9,3,0.6274070248952383,0.005026820769907146,-0.6417
WINE,classf,ClustGrade-RKO,10,2,0.41627584873215273,0.007015816868811183,-0.6101
WINE,classf,ClustGrade-RKO,11,3,0.6353539865801778,0.0068492217649593805,-0.6474
WINE,classf,ClustGrade-RKO,12,1,,0.0,-0.621
WINE,classf,ClustGrade-RKO,13,3,0.6259981493697238,0.008169949773804011,-0.6259
WINE,classf,ClustGrade-RKO,14,1,,0.0,-0.6223
WINE,classf,ClustGrade-RKO,15,3,0.6193389021988809,0.006024461222734421,-0.6356
WINE,classf,ClustGrade-RKO,16,2,0.24360541119362727,0.0033794220823157284,-0.614
WINE,classf,ClustGrade-RKO,17,3,0.6252924433241216,0.005047499235488519,-0.6388
WINE,classf,ClustGrade-RKO,18,2,0.39863752262572627,0.0019613227488301356,-0.6504
WINE,classf,ClustGrade-RKO,19,2,0.5247525737164718,0.00023187322260536218,-0.6205
YEAST,classf,ClustGrade-RKO,0,2,0.6403038996547075,-0.0011017957748801963,-0.6672
YEAST,classf,ClustGrade-RKO,1,2,0.634360820293207,-0.0011001193842539183,-0.6629
YEAST,classf,ClustGrade-RKO,2,2,0.662279497477922,-0.0009291029409585047,-0.7091
YEAST,classf,ClustGrade-RKO,3,2,0.6149837087955993,-0.0013141907308027686,-0.6397
YEAST,classf,ClustGrade-RKO,4,3,0.3865331546814331,0.00589136376548277,-0.5007
YEAST,classf,ClustGrade-RKO,5,3,0.45865261362151566,0.018109913629260913,-0.5356
YEAST,classf,ClustGrade-RKO,6,2,0.3761346256846244,-0.0009064235624459474,-0.4575
YEAST,classf,ClustGrade-RKO,7,2,0.637114462389501,-0.0010956411331435165,-0.6653
YEAST,classf,ClustGrade-RKO,8,2,0.5396783007266162,0.009934470000293887,-0.4725
YEAST,classf,ClustGrade-RKO,9,2,0.6241484488409541,-0.0010383625674999682,-0.6804
YEAST,classf,ClustGrade-RKO,10,2,0.5360783655496306,-0.0010416901667888324,-0.5957
YEAST,classf,ClustGrade-RKO,11,2,0.6207377663660376,-0.0013050106148948637,-0.6436
YEAST,classf,ClustGrade-RKO,12,2,0.6038463289355066,-0.0016545800734341788,-0.6615
YEAST,classf,ClustGrade-RKO,13,2,0.6034369557183253,-0.001642409823508716,-0.6597
YEAST,classf,ClustGrade-RKO,14,2,0.6190459372102226,-0.0013073427562876356,-0.6429
YEAST,classf,ClustGrade-RKO,15,2,0.5026445529166556,0.07014095028535303,-0.4279
YEAST,classf,ClustGrade-RKO,16,2,0.6203110397059868,-0.0013071357480834679,-0.6431
YEAST,classf,ClustGrade-RKO,17,2,0.6149837087955993,-0.0013141907308027686,-0.6397
YEAST,classf,ClustGrade-RKO,18,2,0.5393256826673015,0.009933905532942986,-0.4718
YEAST,classf,ClustGrade-RKO,19,2,0.6808688491953235,-0.00068219845158285,-0.7256
